{
	"credit": "Made with Blockbench",
	"texture_size": [32, 32],
	"textures": {
		"1": "item/baked_potato_3d",
		"particle": "item/baked_potato"
	},
	"elements": [
		{
			"name": "baked_potato1",
			"from": [6, 0, 4],
			"to": [11, 5, 13],
			"rotation": {"angle": 0, "axis": "y", "origin": [-1, 0, -3]},
			"faces": {
				"north": {"uv": [0, 5, 2.5, 7.5], "texture": "#1"},
				"east": {"uv": [0, 0, 4.5, 2.5], "texture": "#1"},
				"south": {"uv": [7, 0, 9.5, 2.5], "texture": "#1"},
				"west": {"uv": [0, 2.5, 4.5, 5], "texture": "#1"},
				"up": {"uv": [7, 4.5, 4.5, 0], "texture": "#1"},
				"down": {"uv": [7, 4.5, 4.5, 9], "texture": "#1"}
			}
		},
		{
			"name": "baked_potato2",
			"from": [9, 4, 4.5],
			"to": [11, 5, 12.5],
			"rotation": {"angle": -22.5, "axis": "z", "origin": [11, 5, 8]},
			"faces": {
				"north": {"uv": [0, 7.5, 1, 8], "texture": "#1"},
				"east": {"uv": [8, 2.5, 12, 3], "texture": "#1"},
				"south": {"uv": [1, 7.5, 2, 8], "texture": "#1"},
				"west": {"uv": [8, 3, 12, 3.5], "texture": "#1"},
				"up": {"uv": [3.5, 9, 2.5, 5], "texture": "#1"}
			}
		},
		{
			"name": "baked_potato3",
			"from": [6, 4, 4.5],
			"to": [8, 5, 12.5],
			"rotation": {"angle": 22.5, "axis": "z", "origin": [6, 5, 8]},
			"faces": {
				"north": {"uv": [0, 8, 1, 8.5], "texture": "#1"},
				"east": {"uv": [8, 3.5, 12, 4], "texture": "#1"},
				"south": {"uv": [1, 8, 2, 8.5], "texture": "#1"},
				"west": {"uv": [8, 4, 12, 4.5], "texture": "#1"},
				"up": {"uv": [8, 6.5, 7, 2.5], "texture": "#1"}
			}
		}
	],
	"display": {
		"thirdperson_righthand": {
			"rotation": [-45, 0, 0],
			"translation": [-0.25, 2.5, -2.25],
			"scale": [0.5, 0.5, 0.5]
		},
		"thirdperson_lefthand": {
			"rotation": [-45, 0, 0],
			"translation": [0.5, 2.5, -2.25],
			"scale": [0.5, 0.5, 0.5]
		},
		"firstperson_righthand": {
			"rotation": [0, 21, 0],
			"translation": [-1.5, 6, 2.75],
			"scale": [0.5, 0.5, 0.5]
		},
		"firstperson_lefthand": {
			"rotation": [0, 21, 0],
			"translation": [-1.5, 6, 2.75],
			"scale": [0.5, 0.5, 0.5]
		},
		"ground": {
			"translation": [0, 3.5, 0],
			"scale": [0.5, 0.5, 0.5]
		},
		"gui": {
			"rotation": [30, -45, 0],
			"translation": [0, 6, 0],
			"scale": [1.25, 1.25, 1.25]
		},
		"head": {
			"translation": [0, 14.5, -0.5]
		},
		"fixed": {
			"rotation": [0, 90, 0],
			"translation": [-1, 7.75, 1.5],
			"scale": [1.5, 1.5, 1.5]
		}
	},
	"groups": [
		{
			"name": "baked_potato",
			"origin": [6, 5, 8],
			"color": 0,
			"children": [0, 1, 2]
		}
	]
}