{
	"credit": "Made with Blockbench",
	"texture_size": [32, 32],
	"textures": {
		"0": "item/cooked_porkchop_3d",
		"particle": "item/cooked_porkchop"
	},
	"elements": [
		{
			"name": "cooked_beef1",
			"from": [5.999, 0.999, 2.999],
			"to": [11.001, 2.001, 12.001],
			"rotation": {"angle": 0, "axis": "y", "origin": [8.5, 1.75, 7.5]},
			"faces": {
				"north": {"uv": [5.5, 1, 8, 1.5], "texture": "#0"},
				"east": {"uv": [2, 5, 6.5, 5.5], "texture": "#0"},
				"south": {"uv": [5.5, 0.5, 8, 1], "texture": "#0"},
				"west": {"uv": [5.5, 0, 10, 0.5], "texture": "#0"},
				"up": {"uv": [4.5, 2.5, 0, 0], "rotation": 90, "texture": "#0"}
			}
		},
		{
			"name": "cooked_beef2",
			"from": [5.995, 0.495, 2.995],
			"to": [11.005, 1.505, 12.005],
			"rotation": {"angle": 0, "axis": "y", "origin": [8.5, 0.75, 7.5]},
			"faces": {
				"north": {"uv": [8, 2.5, 10.5, 3], "texture": "#0"},
				"east": {"uv": [8, 2, 12.5, 2.5], "texture": "#0"},
				"south": {"uv": [8, 3, 10.5, 3.5], "texture": "#0"},
				"west": {"uv": [8, 1.5, 12.5, 2], "texture": "#0"},
				"down": {"uv": [4.5, 2.5, 0, 5], "rotation": 270, "texture": "#0"}
			}
		},
		{
			"name": "cooked_beef3",
			"from": [6.001, 1.251, 10.001],
			"to": [10.999, 2.249, 11.999],
			"rotation": {"angle": 0, "axis": "y", "origin": [8.5, 1.75, 7.5]},
			"faces": {
				"north": {"uv": [2, 5.5, 4.5, 6], "texture": "#0"},
				"east": {"uv": [2.5, 6, 3.5, 6.5], "texture": "#0"},
				"south": {"uv": [5.5, 1.5, 8, 2], "texture": "#0"},
				"west": {"uv": [3.5, 6, 4.5, 6.5], "texture": "#0"},
				"up": {"uv": [5.5, 2.5, 4.5, 0], "rotation": 90, "texture": "#0"}
			}
		},
		{
			"name": "cooked_beef4",
			"from": [6.001, 1.251, 8.001],
			"to": [10.999, 2.249, 8.999],
			"rotation": {"angle": 0, "axis": "y", "origin": [8.5, 1.75, 7.5]},
			"faces": {
				"north": {"uv": [5.5, 2.5, 8, 3], "texture": "#0"},
				"east": {"uv": [2.5, 6.5, 3, 7], "texture": "#0"},
				"south": {"uv": [5.5, 2, 8, 2.5], "texture": "#0"},
				"west": {"uv": [3, 6.5, 3.5, 7], "texture": "#0"},
				"up": {"uv": [5, 8, 4.5, 5.5], "rotation": 90, "texture": "#0"}
			}
		},
		{
			"name": "cooked_beef5",
			"from": [6.001, 1.251, 6.001],
			"to": [10.999, 2.249, 6.999],
			"rotation": {"angle": 0, "axis": "y", "origin": [8.5, 1.75, 7.5]},
			"faces": {
				"north": {"uv": [5.5, 3.5, 8, 4], "texture": "#0"},
				"east": {"uv": [3.5, 6.5, 4, 7], "texture": "#0"},
				"south": {"uv": [5.5, 3, 8, 3.5], "texture": "#0"},
				"west": {"uv": [4, 6.5, 4.5, 7], "texture": "#0"},
				"up": {"uv": [6, 8, 5.5, 5.5], "rotation": 90, "texture": "#0"}
			}
		},
		{
			"name": "cooked_beef6",
			"from": [6.001, 1.251, 3.001],
			"to": [10.999, 2.249, 4.999],
			"rotation": {"angle": 0, "axis": "y", "origin": [8.5, 1.75, 7.5]},
			"faces": {
				"north": {"uv": [5.5, 4.5, 8, 5], "texture": "#0"},
				"east": {"uv": [6, 5.5, 7, 6], "texture": "#0"},
				"south": {"uv": [5.5, 4, 8, 4.5], "texture": "#0"},
				"west": {"uv": [6, 6, 7, 6.5], "texture": "#0"},
				"up": {"uv": [1, 7.5, 0, 5], "rotation": 90, "texture": "#0"}
			}
		}
	],
	"display": {
		"thirdperson_righthand": {
			"rotation": [-45, 0, 0],
			"translation": [-0.25, 4, -3],
			"scale": [0.7, 0.7, 0.7]
		},
		"thirdperson_lefthand": {
			"rotation": [-45, 0, 0],
			"translation": [0.25, 4, -3],
			"scale": [0.7, 0.7, 0.7]
		},
		"firstperson_righthand": {
			"translation": [0.75, 7.5, 1]
		},
		"firstperson_lefthand": {
			"translation": [0.75, 7.5, 1]
		},
		"ground": {
			"translation": [0, 4.25, 0],
			"scale": [0.75, 0.75, 0.75]
		},
		"gui": {
			"rotation": [30, -45, 0],
			"translation": [-1, 7.75, 0],
			"scale": [1.4, 1.4, 1.4]
		},
		"head": {
			"translation": [-0.75, 17.75, 0.75],
			"scale": [1.5, 1.5, 1.5]
		},
		"fixed": {
			"rotation": [-90, 90, 0],
			"translation": [0.5, 0, -9.25],
			"scale": [1.5, 1.5, 1.5]
		}
	},
	"groups": [
		{
			"name": "cooked_beef",
			"origin": [-10, 2, 0],
			"color": 0,
			"children": [0, 1, 2, 3, 4, 5]
		}
	]
}