{
	"credit": "Made with Blockbench",
	"textures": {
		"0": "item/eatinganimation/rabbit/rabbit_eat_2",
		"particle": "item/rabbit"
	},
	"elements": [
		{
			"from": [4.80278, 0, 6.5],
			"to": [8.80278, 3, 9.5],
			"rotation": {"angle": 0, "axis": "y", "origin": [8, 2.73995, 8]},
			"faces": {
				"north": {"uv": [0, 6, 3, 10], "rotation": 90, "texture": "#0"},
				"east": {"uv": [13, 2, 16, 5], "rotation": 90, "texture": "#0"},
				"south": {"uv": [3, 9, 6, 13], "rotation": 90, "texture": "#0"},
				"west": {"uv": [6, 6, 9, 9], "rotation": 90, "texture": "#0"},
				"up": {"uv": [3, 0, 7, 3], "rotation": 180, "texture": "#0"},
				"down": {"uv": [0, 3, 4, 6], "texture": "#0"}
			}
		},
		{
			"from": [8.80278, 0, 6.5],
			"to": [9.80278, 3, 9.5],
			"rotation": {"angle": 0, "axis": "y", "origin": [8, 2.73995, 8]},
			"faces": {
				"north": {"uv": [0, 10, 3, 11], "rotation": 90, "texture": "#0"},
				"east": {"uv": [13, 2, 16, 5], "rotation": 90, "texture": "#0"},
				"south": {"uv": [3, 8, 6, 9], "rotation": 90, "texture": "#0"},
				"west": {"uv": [6, 6, 9, 9], "rotation": 90, "texture": "#0"},
				"up": {"uv": [2, 0, 3, 3], "rotation": 180, "texture": "#0"},
				"down": {"uv": [4, 3, 5, 6], "texture": "#0"}
			}
		},
		{
			"from": [9.80278, 0, 6.5],
			"to": [10.80278, 3, 7.5],
			"rotation": {"angle": 0, "axis": "y", "origin": [8, 2.73995, 8]},
			"faces": {
				"north": {"uv": [0, 11, 3, 12], "rotation": 90, "texture": "#0"},
				"east": {"uv": [9, 7, 12, 8], "rotation": 90, "texture": "#0"},
				"south": {"uv": [3, 7, 6, 8], "rotation": 90, "texture": "#0"},
				"west": {"uv": [6, 8, 9, 9], "rotation": 90, "texture": "#0"},
				"up": {"uv": [1, 2, 2, 3], "rotation": 180, "texture": "#0"},
				"down": {"uv": [5, 5, 6, 6], "texture": "#0"}
			}
		},
		{
			"from": [9.80278, 0, 7.5],
			"to": [10.80278, 3, 8.5],
			"rotation": {"angle": 0, "axis": "y", "origin": [8, 2.73995, 8]},
			"faces": {
				"north": {"uv": [0, 11, 3, 12], "rotation": 90, "texture": "#0"},
				"east": {"uv": [9, 8, 12, 9], "rotation": 90, "texture": "#0"},
				"south": {"uv": [3, 7, 6, 8], "rotation": 90, "texture": "#0"},
				"west": {"uv": [6, 7, 9, 8], "rotation": 90, "texture": "#0"},
				"up": {"uv": [1, 1, 2, 2], "rotation": 180, "texture": "#0"},
				"down": {"uv": [5, 4, 6, 5], "texture": "#0"}
			}
		},
		{
			"from": [9.80278, 0, 6.5],
			"to": [9.80278, 3, 9.5],
			"rotation": {"angle": 0, "axis": "y", "origin": [8, 2.73995, 8]},
			"faces": {
				"north": {"uv": [0, 11, 3, 11], "rotation": 90, "texture": "#0"},
				"east": {"uv": [13, 2, 16, 5], "rotation": 90, "texture": "#0"},
				"south": {"uv": [3, 8, 6, 8], "rotation": 90, "texture": "#0"},
				"west": {"uv": [6, 6, 9, 9], "rotation": 90, "texture": "#0"},
				"up": {"uv": [2, 0, 2, 3], "rotation": 180, "texture": "#0"},
				"down": {"uv": [5, 3, 5, 6], "texture": "#0"}
			}
		},
		{
			"from": [10.80278, 0, 6.5],
			"to": [10.80278, 3, 7.5],
			"rotation": {"angle": 0, "axis": "y", "origin": [8, 2.73995, 8]},
			"faces": {
				"north": {"uv": [0, 12, 3, 12], "rotation": 90, "texture": "#0"},
				"east": {"uv": [7, 0, 10, 1], "rotation": 90, "texture": "#0"},
				"south": {"uv": [13, 3, 16, 3], "rotation": 90, "texture": "#0"},
				"west": {"uv": [6, 8, 9, 9], "rotation": 90, "texture": "#0"},
				"up": {"uv": [1, 2, 1, 3], "rotation": 180, "texture": "#0"},
				"down": {"uv": [6, 5, 6, 6], "texture": "#0"}
			}
		},
		{
			"from": [10.80278, 0, 6.5],
			"to": [11.80278, 3, 7.5],
			"rotation": {"angle": 0, "axis": "y", "origin": [8, 2.73995, 8]},
			"faces": {
				"north": {"uv": [0, 12, 3, 13], "rotation": 90, "texture": "#0"},
				"east": {"uv": [7, 0, 10, 1], "rotation": 90, "texture": "#0"},
				"south": {"uv": [13, 2, 16, 3], "rotation": 90, "texture": "#0"},
				"west": {"uv": [6, 8, 9, 9], "rotation": 90, "texture": "#0"},
				"up": {"uv": [0, 2, 1, 3], "rotation": 180, "texture": "#0"},
				"down": {"uv": [6, 5, 7, 6], "texture": "#0"}
			}
		},
		{
			"from": [8.65298, -0.28685, 6],
			"to": [10.65298, 2.71315, 7],
			"rotation": {"angle": 22.5, "axis": "z", "origin": [8, 2.73995, 8]},
			"faces": {
				"north": {"uv": [7, 3, 10, 5], "rotation": 90, "texture": "#0"},
				"east": {"uv": [9, 11, 12, 12], "rotation": 270, "texture": "#0"},
				"south": {"uv": [7, 0, 10, 2], "rotation": 90, "texture": "#0"},
				"west": {"uv": [10, 4, 13, 5], "rotation": 90, "texture": "#0"},
				"up": {"uv": [7, 5, 9, 6], "rotation": 180, "texture": "#0"},
				"down": {"uv": [13, 3, 15, 4], "texture": "#0"}
			}
		},
		{
			"from": [8.91375, 2.9417, 6.001],
			"to": [9.91175, 5.9397, 6.999],
			"rotation": {"angle": -22.5, "axis": "z", "origin": [8, 2.73995, 8]},
			"faces": {
				"north": {"uv": [12, 7, 15, 8], "rotation": 90, "texture": "#0"},
				"east": {"uv": [12, 6, 15, 7], "rotation": 270, "texture": "#0"},
				"south": {"uv": [12, 8, 15, 9], "rotation": 90, "texture": "#0"},
				"west": {"uv": [12, 5, 15, 6], "rotation": 90, "texture": "#0"},
				"up": {"uv": [0, 15, 1, 16], "rotation": 180, "texture": "#0"}
			}
		},
		{
			"from": [5.71514, 0.40683, 6],
			"to": [7.71514, 3.40683, 7],
			"rotation": {"angle": -22.5, "axis": "z", "origin": [8, 2.73995, 8]},
			"faces": {
				"north": {"uv": [9, 11, 12, 9], "rotation": 90, "texture": "#0"},
				"east": {"uv": [0, 0, 1, 3], "texture": "#0"},
				"south": {"uv": [10, 2, 7, 0], "rotation": 90, "texture": "#0"},
				"west": {"uv": [13, 0, 16, 1], "rotation": 90, "texture": "#0"},
				"up": {"uv": [7, 5, 9, 6], "rotation": 180, "texture": "#0"},
				"down": {"uv": [0, 0, 1, 2], "rotation": 270, "texture": "#0"}
			}
		},
		{
			"from": [4.63121, 1.62472, 6.001],
			"to": [6.62921, 2.62272, 6.999],
			"rotation": {"angle": -45, "axis": "z", "origin": [8, 2.73995, 8]},
			"faces": {
				"north": {"uv": [4, 14, 2, 15], "texture": "#0"},
				"east": {"uv": [0, 0, 1, 1], "texture": "#0"},
				"south": {"uv": [4, 14, 6, 15], "texture": "#0"},
				"west": {"uv": [0, 0, 1, 1], "texture": "#0"},
				"up": {"uv": [6, 9, 7, 11], "rotation": 90, "texture": "#0"},
				"down": {"uv": [13, 10, 14, 12], "rotation": 270, "texture": "#0"}
			}
		},
		{
			"from": [5.71514, 0.40683, 9],
			"to": [7.71514, 3.40683, 10],
			"rotation": {"angle": -22.5, "axis": "z", "origin": [8, 2.73995, 8]},
			"faces": {
				"north": {"uv": [10, 0, 7, 2], "rotation": 90, "texture": "#0"},
				"east": {"uv": [0, 0, 1, 3], "texture": "#0"},
				"south": {"uv": [9, 9, 12, 11], "rotation": 90, "texture": "#0"},
				"west": {"uv": [13, 0, 16, 1], "rotation": 90, "texture": "#0"},
				"up": {"uv": [7, 5, 9, 6], "rotation": 180, "texture": "#0"},
				"down": {"uv": [0, 0, 1, 2], "rotation": 270, "texture": "#0"}
			}
		},
		{
			"from": [4.63121, 1.62472, 9.001],
			"to": [6.62921, 2.62272, 9.999],
			"rotation": {"angle": -45, "axis": "z", "origin": [8, 2.73995, 8]},
			"faces": {
				"north": {"uv": [6, 14, 4, 15], "texture": "#0"},
				"east": {"uv": [0, 0, 1, 1], "texture": "#0"},
				"south": {"uv": [2, 14, 4, 15], "texture": "#0"},
				"west": {"uv": [0, 0, 1, 1], "texture": "#0"},
				"up": {"uv": [7, 9, 8, 11], "rotation": 90, "texture": "#0"},
				"down": {"uv": [12, 11, 13, 13], "rotation": 270, "texture": "#0"}
			}
		}
	],
	"display": {
		"firstperson_righthand": {
			"rotation": [-8, 6, 177],
			"translation": [0.5, -2, 2.25]
		},
		"firstperson_lefthand": {
			"rotation": [-8, 6, 177],
			"translation": [0.5, -2, 2.25]
		},
		"ground": {
			"translation": [-1, 4.25, -1.75],
			"scale": [0.75, 0.75, 0.75]
		},
		"gui": {
			"rotation": [45, 135, 0],
			"translation": [-2, 3.75, 0],
			"scale": [1.5, 1.5, 1.5]
		},
		"head": {
			"translation": [-0.75, 17.75, -3.5],
			"scale": [1.5, 1.5, 1.5]
		},
		"fixed": {
			"rotation": [0, 90, 180],
			"translation": [-4.75, -10.75, 0.25],
			"scale": [1.75, 1.75, 1.75]
		}
	},
	"groups": [
		0,
		1,
		2,
		3,
		4,
		5,
		6,
		{
			"name": "group",
			"origin": [6.5, 3.5, 6.69722],
			"color": 0,
			"children": [7, 8]
		},
		{
			"name": "group",
			"origin": [9.5, 3.5, 6.69722],
			"color": 0,
			"children": []
		},
		{
			"name": "group",
			"origin": [6.5, 2, 8.69722],
			"color": 0,
			"children": [9, 10]
		},
		{
			"name": "group",
			"origin": [9.5, 2, 8.69722],
			"color": 0,
			"children": [11, 12]
		}
	]
}