{"parent":"item/generated","textures":{"layer0":"supplementaries:item/candy"},"overrides":[{"predicate":{"wrapping":1},"model":"supplementaries:item/candy_halloween"},{"predicate":{"wrapping":2},"model":"supplementaries:item/candy_christmas"},{"predicate":{"eatinganimation:eating":1.0,"eatinganimation:eat":0.15},"model":"eatinganimation:item/su_candy_eating_0"},{"predicate":{"eatinganimation:eating":1.0,"eatinganimation:eat":0.27},"model":"eatinganimation:item/su_candy_eating_1"},{"predicate":{"eatinganimation:eating":1.0,"eatinganimation:eat":0.4},"model":"eatinganimation:item/su_candy_eating_2"}]}