{
	"credit": "Made with Blockbench",
	"texture_size": [32, 32],
	"textures": {
		"0": "item/eatinganimation/cooked_chicken/cooked_chicken_eat_2",
		"particle": "item/food_particles/cooked_chicken"
	},
	"elements": [
		{
			"name": "chest_top",
			"from": [7, 1, 2.5],
			"to": [9, 3, 3.5],
			"rotation": {"angle": 0, "axis": "y", "origin": [8, 1.5, 8]},
			"faces": {
				"north": {"uv": [8, 6, 9, 7], "texture": "#0"},
				"east": {"uv": [5, 9, 5.5, 10], "texture": "#0"},
				"west": {"uv": [9, 4, 9.5, 5], "texture": "#0"},
				"up": {"uv": [9.5, 6, 9, 5], "rotation": 270, "texture": "#0"},
				"down": {"uv": [6, 9, 5.5, 10], "rotation": 90, "texture": "#0"}
			}
		},
		{
			"name": "chest_middle",
			"from": [4.99, -0.01, 3.49],
			"to": [6.99, 4.01, 9.49],
			"rotation": {"angle": 0, "axis": "y", "origin": [8, 1.5, 8]},
			"faces": {
				"north": {"uv": [5.50332, 4, 6.5, 6], "texture": "#0"},
				"east": {"uv": [4.00855, 2, 7, 4], "texture": "#0"},
				"south": {"uv": [0, 6, 0.99668, 8], "texture": "#0"},
				"west": {"uv": [3.5, 0, 6.49145, 2], "texture": "#0"},
				"up": {"uv": [2.99145, 3, 0, 2.00332], "rotation": 270, "texture": "#0"},
				"down": {"uv": [2.99145, 5.00332, 0, 6], "rotation": 90, "texture": "#0"}
			}
		},
		{
			"name": "chest_middle",
			"from": [6.99, -0.01, 3.49],
			"to": [7.99, 4.01, 8.49],
			"rotation": {"angle": 0, "axis": "y", "origin": [8, 1.5, 8]},
			"faces": {
				"north": {"uv": [5.00498, 4, 5.50332, 6], "texture": "#0"},
				"east": {"uv": [4.50712, 2, 7, 4], "texture": "#0"},
				"south": {"uv": [0.99668, 6, 1.49502, 8], "texture": "#0"},
				"west": {"uv": [3.5, 0, 5.99288, 2], "texture": "#0"},
				"up": {"uv": [2.49288, 2.00332, 0, 1.50498], "rotation": 270, "texture": "#0"},
				"down": {"uv": [2.49288, 4.50498, 0, 5.00332], "rotation": 90, "texture": "#0"}
			}
		},
		{
			"name": "chest_middle",
			"from": [7.99, -0.01, 3.49],
			"to": [7.99, 4.01, 8.49],
			"rotation": {"angle": 0, "axis": "y", "origin": [8, 1.5, 8]},
			"faces": {
				"north": {"uv": [5.00498, 4, 5.00498, 6], "texture": "#0"},
				"east": {"uv": [4.50712, 2, 7, 4], "texture": "#0"},
				"south": {"uv": [1.49502, 6, 1.49502, 8], "texture": "#0"},
				"west": {"uv": [3.5, 0, 5.99288, 2], "texture": "#0"},
				"up": {"uv": [2.49288, 1.50498, 0, 1.50498], "rotation": 270, "texture": "#0"},
				"down": {"uv": [2.49288, 4.50498, 0, 4.50498], "rotation": 90, "texture": "#0"}
			}
		},
		{
			"name": "chest_middle",
			"from": [7.99, -0.01, 3.49],
			"to": [8.99, 4.01, 8.49],
			"rotation": {"angle": 0, "axis": "y", "origin": [8, 1.5, 8]},
			"faces": {
				"north": {"uv": [4.50664, 4, 5.00498, 6], "texture": "#0"},
				"east": {"uv": [4.50712, 2, 7, 4], "texture": "#0"},
				"south": {"uv": [1.49502, 6, 1.99336, 8], "texture": "#0"},
				"west": {"uv": [3.5, 0, 5.99288, 2], "texture": "#0"},
				"up": {"uv": [2.49288, 1.50498, 0, 1.00664], "rotation": 270, "texture": "#0"},
				"down": {"uv": [2.49288, 4.00664, 0, 4.50498], "rotation": 90, "texture": "#0"}
			}
		},
		{
			"name": "chest_middle",
			"from": [8.99, -0.01, 3.49],
			"to": [8.99, 4.01, 8.49],
			"rotation": {"angle": 0, "axis": "y", "origin": [8, 1.5, 8]},
			"faces": {
				"north": {"uv": [4.50664, 4, 4.50664, 6], "texture": "#0"},
				"east": {"uv": [4.50712, 2, 7, 4], "texture": "#0"},
				"south": {"uv": [1.99336, 6, 1.99336, 8], "texture": "#0"},
				"west": {"uv": [3.5, 0, 5.99288, 2], "texture": "#0"},
				"up": {"uv": [2.49288, 1.00664, 0, 1.00664], "rotation": 270, "texture": "#0"},
				"down": {"uv": [2.49288, 4.00664, 0, 4.00664], "rotation": 90, "texture": "#0"}
			}
		},
		{
			"name": "chest_middle",
			"from": [8.99, -0.01, 3.49],
			"to": [11.01, 4.01, 7.49],
			"rotation": {"angle": 0, "axis": "y", "origin": [8, 1.5, 8]},
			"faces": {
				"north": {"uv": [3.5, 4, 4.50664, 6], "texture": "#0"},
				"east": {"uv": [5.0057, 2, 7, 4], "texture": "#0"},
				"south": {"uv": [1.99336, 6, 3, 8], "texture": "#0"},
				"west": {"uv": [3.5, 0, 5.4943, 2], "texture": "#0"},
				"up": {"uv": [1.9943, 1.00664, 0, 0], "rotation": 270, "texture": "#0"},
				"down": {"uv": [1.9943, 3, 0, 4.00664], "rotation": 90, "texture": "#0"}
			}
		},
		{
			"name": "chest_middle",
			"from": [7.99, -0.01, 8.49],
			"to": [8.99, 4.01, 8.49],
			"rotation": {"angle": 0, "axis": "y", "origin": [8, 1.5, 8]},
			"faces": {
				"north": {"uv": [4.50664, 4, 5.00498, 6], "texture": "#0"},
				"east": {"uv": [4.50712, 2, 4.50712, 4], "texture": "#0"},
				"south": {"uv": [1.49502, 6, 1.99336, 8], "texture": "#0"},
				"west": {"uv": [5.99288, 0, 5.99288, 2], "texture": "#0"},
				"up": {"uv": [2.49288, 1.50498, 2.49288, 1.00664], "rotation": 270, "texture": "#0"},
				"down": {"uv": [2.49288, 4.00664, 2.49288, 4.50498], "rotation": 90, "texture": "#0"}
			}
		},
		{
			"name": "wing1",
			"from": [3.73673, 1, 5.14911],
			"to": [5.73673, 3, 8.14911],
			"rotation": {"angle": -22.5, "axis": "y", "origin": [8, 1.5, 8]},
			"faces": {
				"east": {"uv": [5.5, 7, 7, 8], "texture": "#0"},
				"south": {"uv": [2, 9, 3, 10], "texture": "#0"},
				"west": {"uv": [7, 3, 8.5, 4], "texture": "#0"},
				"up": {"uv": [8.5, 8, 7, 7], "rotation": 270, "texture": "#0"},
				"down": {"uv": [1.5, 8, 0, 9], "rotation": 90, "texture": "#0"}
			}
		},
		{
			"name": "wing2",
			"from": [10.26327, 1, 5.14911],
			"to": [12.26327, 3, 8.14911],
			"rotation": {"angle": 22.5, "axis": "y", "origin": [8, 1.5, 8]},
			"faces": {
				"east": {"uv": [3, 8, 4.5, 9], "texture": "#0"},
				"south": {"uv": [4, 9, 5, 10], "texture": "#0"},
				"west": {"uv": [1.5, 8, 3, 9], "texture": "#0"},
				"up": {"uv": [6, 9, 4.5, 8], "rotation": 270, "texture": "#0"},
				"down": {"uv": [7.5, 8, 6, 9], "rotation": 90, "texture": "#0"}
			}
		},
		{
			"name": "bone1",
			"from": [4.5, 0.5, 9.5],
			"to": [5.5, 1.5, 10.5],
			"rotation": {"angle": 0, "axis": "y", "origin": [8, 1.5, 5]},
			"faces": {
				"east": {"uv": [6.5, 9, 7, 9.5], "texture": "#0"},
				"south": {"uv": [9, 6.5, 9.5, 7], "texture": "#0"},
				"west": {"uv": [6, 9, 6.5, 9.5], "texture": "#0"},
				"up": {"uv": [7.5, 9.5, 7, 9], "rotation": 270, "texture": "#0"},
				"down": {"uv": [8, 9, 7.5, 9.5], "rotation": 90, "texture": "#0"}
			}
		},
		{
			"name": "leg1",
			"from": [3.9, -0.1, 7.4],
			"to": [6.1, 2.1, 9.6],
			"rotation": {"angle": 0, "axis": "y", "origin": [8, 1.5, 8]},
			"faces": {
				"north": {"uv": [8.5, 3, 9.5, 4], "texture": "#0"},
				"east": {"uv": [7, 6, 8, 7], "texture": "#0"},
				"south": {"uv": [8.5, 7, 9.5, 8], "texture": "#0"},
				"west": {"uv": [3, 6, 4, 7], "texture": "#0"},
				"up": {"uv": [7.5, 5, 6.5, 4], "rotation": 270, "texture": "#0"},
				"down": {"uv": [7.5, 5, 6.5, 6], "rotation": 90, "texture": "#0"}
			}
		}
	],
	"display": {
		"thirdperson_righthand": {
			"rotation": [130, 0, 0],
			"translation": [0.25, -3.25, 2.25],
			"scale": [0.75, 0.75, 0.75]
		},
		"thirdperson_lefthand": {
			"rotation": [130, 0, 0],
			"translation": [-0.25, -3.25, 2.25],
			"scale": [0.75, 0.75, 0.75]
		},
		"firstperson_righthand": {
			"rotation": [-8, -85, 0],
			"translation": [-1.25, 8.75, 0.75],
			"scale": [0.75, 0.75, 0.75]
		},
		"firstperson_lefthand": {
			"rotation": [-8, -85, 0],
			"translation": [-1.25, 8.75, 0.75],
			"scale": [0.75, 0.75, 0.75]
		},
		"ground": {
			"translation": [0, 4.75, 0],
			"scale": [0.85, 0.85, 0.85]
		},
		"gui": {
			"rotation": [45, -45, 0],
			"translation": [0.75, 4.5, 0],
			"scale": [1.2, 1.2, 1.2]
		},
		"head": {
			"translation": [0.5, 18.25, 0.5],
			"scale": [1.5, 1.5, 1.5]
		},
		"fixed": {
			"rotation": [-90, 90, 0],
			"translation": [0, -1, -8.5],
			"scale": [1.2, 1.2, 1.2]
		}
	},
	"groups": [
		{
			"name": "cooked_chicken",
			"origin": [0.5, 6, 0],
			"color": 0,
			"children": [
				{
					"name": "chest",
					"origin": [0.5, 6, 0],
					"color": 0,
					"children": [0, 1, 2, 3, 4, 5, 6, 7]
				},
				{
					"name": "wing1",
					"origin": [6.5, 2, 2],
					"color": 0,
					"children": [8]
				},
				{
					"name": "wing2",
					"origin": [6.5, 2, 4],
					"color": 0,
					"children": [9]
				}
			]
		},
		{
			"name": "leg1",
			"origin": [0.5, 0, -1],
			"color": 0,
			"children": [10, 11]
		}
	]
}