{
	"credit": "Made with Blockbench",
	"textures": {
		"0": "item/eatinganimation/cooked_beef/cooked_beef_eat_3",
		"particle": "item/cooked_beef"
	},
	"elements": [
		{
			"name": "cooked_beef2",
			"from": [5.999, 0.999, 2.999],
			"to": [11.001, 2.001, 6.001],
			"rotation": {"angle": 0, "axis": "y", "origin": [8.5, 1.75, 7.5]},
			"faces": {
				"north": {"uv": [5.5, 1, 8, 1.5], "texture": "#0"},
				"east": {"uv": [5, 5, 6.5, 5.5], "texture": "#0"},
				"south": {"uv": [8, 3.5, 10.5, 4], "texture": "#0"},
				"west": {"uv": [5.5, 0, 7, 0.5], "texture": "#0"},
				"up": {"uv": [4.5, 2.5, 3, 0], "rotation": 90, "texture": "#0"}
			}
		},
		{
			"name": "cooked_beef2",
			"from": [5.995, 0.495, 2.995],
			"to": [11.005, 1.505, 6.005],
			"rotation": {"angle": 0, "axis": "y", "origin": [8.5, 0.75, 7.5]},
			"faces": {
				"north": {"uv": [8, 2.5, 10.5, 3], "texture": "#0"},
				"east": {"uv": [11, 2, 12.5, 2.5], "texture": "#0"},
				"south": {"uv": [8, 4, 10.5, 4.5], "texture": "#0"},
				"west": {"uv": [8, 1.5, 9.5, 2], "texture": "#0"},
				"down": {"uv": [4.5, 2.5, 3, 5], "rotation": 270, "texture": "#0"}
			}
		},
		{
			"name": "cooked_beef6",
			"from": [6.001, 1.251, 3.001],
			"to": [10.999, 2.249, 4.999],
			"rotation": {"angle": 0, "axis": "y", "origin": [8.5, 1.75, 7.5]},
			"faces": {
				"north": {"uv": [5.5, 4.5, 8, 5], "texture": "#0"},
				"east": {"uv": [6, 5.5, 7, 6], "texture": "#0"},
				"south": {"uv": [5.5, 4, 8, 4.5], "texture": "#0"},
				"west": {"uv": [6, 6, 7, 6.5], "texture": "#0"},
				"up": {"uv": [1, 7.5, 0, 5], "rotation": 90, "texture": "#0"}
			}
		},
		{
			"from": [7.99, 0.49, 5.99],
			"to": [11.01, 1.51, 7.01],
			"rotation": {"angle": 0, "axis": "y", "origin": [9, 1, 6]},
			"faces": {
				"north": {"uv": [11.5, 11.5, 13, 12], "texture": "#0"},
				"east": {"uv": [13.5, 15, 14, 15.5], "texture": "#0"},
				"south": {"uv": [11.5, 12, 13, 12.5], "texture": "#0"},
				"west": {"uv": [14, 15, 14.5, 15.5], "texture": "#0"},
				"up": {"uv": [13, 13, 11.5, 12.5], "texture": "#0"},
				"down": {"uv": [13, 13, 11.5, 13.5], "texture": "#0"}
			}
		},
		{
			"from": [7.998, 0.998, 5.998],
			"to": [11.002, 2.002, 7.002],
			"rotation": {"angle": 0, "axis": "y", "origin": [9, 2, 6]},
			"faces": {
				"north": {"uv": [13, 11.5, 14.5, 12], "texture": "#0"},
				"east": {"uv": [14.5, 15, 15, 15.5], "texture": "#0"},
				"south": {"uv": [13, 12, 14.5, 12.5], "texture": "#0"},
				"west": {"uv": [15, 15, 15.5, 15.5], "texture": "#0"},
				"up": {"uv": [14.5, 13, 13, 12.5], "texture": "#0"},
				"down": {"uv": [14.5, 13, 13, 13.5], "texture": "#0"}
			}
		},
		{
			"from": [8.002, 1.002, 6.002],
			"to": [10.998, 2.248, 6.998],
			"rotation": {"angle": 0, "axis": "y", "origin": [9, 2, 6]},
			"faces": {
				"north": {"uv": [11.5, 13.5, 13, 14], "texture": "#0"},
				"east": {"uv": [12.5, 15.5, 13, 16], "texture": "#0"},
				"south": {"uv": [13, 13.5, 14.5, 14], "texture": "#0"},
				"west": {"uv": [15.5, 12.5, 16, 13], "texture": "#0"},
				"up": {"uv": [13, 14.5, 11.5, 14], "texture": "#0"},
				"down": {"uv": [14.5, 14, 13, 14.5], "texture": "#0"}
			}
		},
		{
			"from": [8.998, 0.998, 6.998],
			"to": [11.002, 2.002, 8.002],
			"rotation": {"angle": 0, "axis": "y", "origin": [9, 2, 7]},
			"faces": {
				"north": {"uv": [11.5, 14.5, 12.5, 15], "texture": "#0"},
				"east": {"uv": [11.5, 15.5, 12, 16], "texture": "#0"},
				"south": {"uv": [14.5, 11.5, 15.5, 12], "texture": "#0"},
				"west": {"uv": [15.5, 11.5, 16, 12], "texture": "#0"},
				"up": {"uv": [15.5, 12.5, 14.5, 12], "texture": "#0"},
				"down": {"uv": [13.5, 14.5, 12.5, 15], "texture": "#0"}
			}
		},
		{
			"from": [8.99, 0.49, 6.99],
			"to": [11.01, 1.51, 8.01],
			"rotation": {"angle": 0, "axis": "y", "origin": [9, 1, 7]},
			"faces": {
				"north": {"uv": [14.5, 12.5, 15.5, 13], "texture": "#0"},
				"east": {"uv": [12, 15.5, 12.5, 16], "texture": "#0"},
				"south": {"uv": [14.5, 13, 15.5, 13.5], "texture": "#0"},
				"west": {"uv": [15.5, 12, 16, 12.5], "texture": "#0"},
				"up": {"uv": [14.5, 15, 13.5, 14.5], "texture": "#0"},
				"down": {"uv": [15.5, 13.5, 14.5, 14], "texture": "#0"}
			}
		}
	],
	"display": {
		"thirdperson_righthand": {
			"rotation": [-45, 0, 0],
			"translation": [-0.25, 4, -3],
			"scale": [0.7, 0.7, 0.7]
		},
		"thirdperson_lefthand": {
			"rotation": [-45, 0, 0],
			"translation": [0.25, 4, -3],
			"scale": [0.7, 0.7, 0.7]
		},
		"firstperson_righthand": {
			"rotation": [-16, -85, -8],
			"translation": [-3, 10, 0.75],
			"scale": [0.5, 0.5, 0.5]
		},
		"firstperson_lefthand": {
			"rotation": [-16, -85, -8],
			"translation": [-3, 10, 0.75],
			"scale": [0.5, 0.5, 0.5]
		},
		"ground": {
			"translation": [0, 4.25, 0],
			"scale": [0.75, 0.75, 0.75]
		},
		"gui": {
			"rotation": [40, -45, 0],
			"translation": [-1, 5.75, 0],
			"scale": [1.4, 1.4, 1.4]
		},
		"head": {
			"translation": [-0.75, 17.75, 0.75],
			"scale": [1.5, 1.5, 1.5]
		},
		"fixed": {
			"rotation": [-90, 90, 0],
			"translation": [0.5, 0, -9.25],
			"scale": [1.5, 1.5, 1.5]
		}
	},
	"groups": [
		{
			"name": "cooked_beef",
			"origin": [-10, 2, 0],
			"color": 0,
			"children": [0, 1, 2]
		},
		3,
		4,
		5,
		6,
		7
	]
}