{
    "providers": [

    { "type": "bitmap",
            "file": "minecraft:font/raid.png",
            "ascent": 14, "height": 52,
            "chars": ["\uE903"]
        },
	{ "type": "bitmap",
            "file": "minecraft:font/wither.png",
            "ascent": 14, "height": 52,
            "chars": ["\uE906"]
        },
	{ "type": "bitmap",
            "file": "minecraft:font/enderdragon.png",
            "ascent": 14, "height": 52.9,
            "chars": ["\uE907"]
        }
    ]
}
