{
	"credit": "Made with Blockbench",
	"texture_size": [32, 32],
	"textures": {
		"1": "item/eatinganimation/baked_potato/baked_potato_eat_1",
		"particle": "item/baked_potato"
	},
	"elements": [
		{
			"name": "baked_potato1",
			"from": [6, 0, 4],
			"to": [11, 5, 5],
			"rotation": {"angle": 0, "axis": "y", "origin": [-1, 0, -3]},
			"faces": {
				"north": {"uv": [0, 5, 2.5, 7.5], "texture": "#1"},
				"east": {"uv": [4, 0, 4.5, 2.5], "texture": "#1"},
				"south": {"uv": [7, 0, 9.5, 2.5], "texture": "#1"},
				"west": {"uv": [0, 2.5, 0.5, 5], "texture": "#1"},
				"up": {"uv": [7, 4.5, 4.5, 4], "texture": "#1"},
				"down": {"uv": [7, 8.5, 4.5, 9], "texture": "#1"}
			}
		}
	],
	"display": {
		"thirdperson_righthand": {
			"rotation": [-45, 0, 0],
			"translation": [-0.25, 2.5, -2.25],
			"scale": [0.5, 0.5, 0.5]
		},
		"thirdperson_lefthand": {
			"rotation": [-45, 0, 0],
			"translation": [0.5, 2.5, -2.25],
			"scale": [0.5, 0.5, 0.5]
		},
		"firstperson_righthand": {
			"rotation": [-16, -85, -8],
			"translation": [-5, 10, 0.75],
			"scale": [0.5, 0.5, 0.5]
		},
		"firstperson_lefthand": {
			"rotation": [-16, -85, -8],
			"translation": [-5, 10, 0.75],
			"scale": [0.5, 0.5, 0.5]
		},
		"ground": {
			"translation": [0, 3.5, 0],
			"scale": [0.5, 0.5, 0.5]
		},
		"gui": {
			"rotation": [30, 45, 0],
			"translation": [-0.75, 5.5, 0],
			"scale": [1.25, 1.25, 1.25]
		},
		"head": {
			"translation": [0, 14.5, -0.5]
		},
		"fixed": {
			"rotation": [0, 90, 0],
			"translation": [-1, 7.75, 1.5],
			"scale": [1.5, 1.5, 1.5]
		}
	},
	"groups": [
		{
			"name": "baked_potato",
			"origin": [6, 5, 8],
			"color": 0,
			"children": [0]
		}
	]
}