{
	"credit": "Made with Blockbench",
	"texture_size": [64, 64],
	"textures": {
		"2": "block/amethyst_cluster",
		"particle": "block/amethyst_block"
	},
	"elements": [
		{
			"from": [5, 0, 4.5],
			"to": [11, 12, 11.5],
			"rotation": {"angle": 0, "axis": "y", "origin": [8, 0, 7.5]},
			"faces": {
				"north": {"uv": [0, 3, 1.5, 6], "texture": "#2"},
				"east": {"uv": [0, 0, 1.75, 3], "texture": "#2"},
				"south": {"uv": [1.5, 3, 3, 6], "texture": "#2"},
				"west": {"uv": [1.75, 0, 3.5, 3], "texture": "#2"},
				"up": {"uv": [6.25, 1.75, 4.75, 0], "texture": "#2"},
				"down": {"uv": [7, 1.75, 5.5, 3.5], "texture": "#2"}
			}
		},
		{
			"from": [2, 1, 5.5],
			"to": [7, 9, 10.5],
			"rotation": {"angle": 22.5, "axis": "z", "origin": [8, 0, 7.5]},
			"faces": {
				"north": {"uv": [3, 5.25, 4.25, 7.25], "texture": "#2"},
				"east": {"uv": [5.5, 3.5, 6.75, 5.5], "texture": "#2"},
				"south": {"uv": [5.5, 5.5, 6.75, 7.5], "texture": "#2"},
				"west": {"uv": [0, 6, 1.25, 8], "texture": "#2"},
				"up": {"uv": [8.75, 1.25, 7.5, 0], "texture": "#2"},
				"down": {"uv": [6.75, 7.5, 5.5, 8.75], "texture": "#2"}
			}
		},
		{
			"from": [5.5, 1, 1.5],
			"to": [10.5, 7, 6.5],
			"rotation": {"angle": -22.5, "axis": "x", "origin": [8.5, 0, 7.5]},
			"faces": {
				"north": {"uv": [6.75, 5.25, 8, 6.75], "texture": "#2"},
				"east": {"uv": [6.75, 6.75, 8, 8.25], "texture": "#2"},
				"south": {"uv": [7, 1.75, 8.25, 3.25], "texture": "#2"},
				"west": {"uv": [2.5, 7.25, 3.75, 8.75], "texture": "#2"},
				"up": {"uv": [2.5, 9, 1.25, 7.75], "texture": "#2"},
				"down": {"uv": [1.25, 8, 0, 9.25], "texture": "#2"}
			}
		},
		{
			"from": [9, 1, 5.5],
			"to": [14, 10, 10.5],
			"rotation": {"angle": -22.5, "axis": "z", "origin": [8, 0, 8.5]},
			"faces": {
				"north": {"uv": [3, 3, 4.25, 5.25], "texture": "#2"},
				"east": {"uv": [3.5, 0, 4.75, 2.25], "texture": "#2"},
				"south": {"uv": [4.25, 2.25, 5.5, 4.5], "texture": "#2"},
				"west": {"uv": [4.25, 4.5, 5.5, 6.75], "texture": "#2"},
				"up": {"uv": [9.25, 4.5, 8, 3.25], "texture": "#2"},
				"down": {"uv": [9.25, 4.5, 8, 5.75], "texture": "#2"}
			}
		},
		{
			"from": [5.5, 1, 9.5],
			"to": [10.5, 8, 14.5],
			"rotation": {"angle": 22.5, "axis": "x", "origin": [7.5, 0, 8.5]},
			"faces": {
				"north": {"uv": [1.25, 6, 2.5, 7.75], "texture": "#2"},
				"east": {"uv": [6.25, 0, 7.5, 1.75], "texture": "#2"},
				"south": {"uv": [6.75, 3.5, 8, 5.25], "texture": "#2"},
				"west": {"uv": [4.25, 6.75, 5.5, 8.5], "texture": "#2"},
				"up": {"uv": [9.25, 7, 8, 5.75], "texture": "#2"},
				"down": {"uv": [9.25, 7, 8, 8.25], "texture": "#2"}
			}
		}
	],
	"display": {}
}