{
	"credit": "Made with Blockbench",
	"texture_size": [32, 32],
	"textures": {
		"3": "block/crimson_fungus",
		"particle": "block/crimson_fungus_particles"
	},
	"elements": [
		{
			"from": [7, 0, 7],
			"to": [9, 4, 9],
			"faces": {
				"north": {"uv": [8, 8, 9, 10], "texture": "#3"},
				"east": {"uv": [0, 9, 1, 11], "texture": "#3"},
				"south": {"uv": [1, 9, 2, 11], "texture": "#3"},
				"west": {"uv": [2, 9, 3, 11], "texture": "#3"},
				"up": {"uv": [4, 10, 3, 9], "texture": "#3"},
				"down": {"uv": [5, 9, 4, 10], "texture": "#3"}
			}
		},
		{
			"from": [4, 4, 4],
			"to": [12, 6, 12],
			"faces": {
				"north": {"uv": [7, 6, 11, 7], "texture": "#3"},
				"east": {"uv": [7, 7, 11, 8], "texture": "#3"},
				"south": {"uv": [0, 8, 4, 9], "texture": "#3"},
				"west": {"uv": [4, 8, 8, 9], "texture": "#3"},
				"up": {"uv": [4, 4, 0, 0], "texture": "#3"},
				"down": {"uv": [4, 4, 0, 8], "texture": "#3"}
			}
		},
		{
			"from": [5, 6, 5],
			"to": [11, 10, 11],
			"faces": {
				"north": {"uv": [4, 6, 7, 8], "texture": "#3"},
				"east": {"uv": [7, 0, 10, 2], "texture": "#3"},
				"south": {"uv": [7, 2, 10, 4], "texture": "#3"},
				"west": {"uv": [7, 4, 10, 6], "texture": "#3"},
				"up": {"uv": [7, 3, 4, 0], "texture": "#3"},
				"down": {"uv": [7, 3, 4, 6], "texture": "#3"}
			}
		}
	],
	"gui_light": "front",
	"display": {
		"thirdperson_righthand": {
			"translation": [0, 3, 1],
			"scale": [0.55, 0.55, 0.55]
		},
		"thirdperson_lefthand": {
			"translation": [0, 3, 1],
			"scale": [0.55, 0.55, 0.55]
		},
		"firstperson_righthand": {
			"rotation": [0, -57, -9.25],
			"translation": [1.13, 3.2, 1.13],
			"scale": [0.68, 0.68, 0.68]
		},
		"firstperson_lefthand": {
			"rotation": [0, -57, -9.25],
			"translation": [1.13, 3.2, 1.13],
			"scale": [0.68, 0.68, 0.68]
		},
		"ground": {
			"translation": [0, 2, 0],
			"scale": [0.5, 0.5, 0.5]
		},
		"gui": {
			"rotation": [30, 225, 0],
			"scale": [0.625, 0.625, 0.625]
		},
		"head": {
			"rotation": [162.5, 0, 154],
			"translation": [-6.25, 12.5, -5.75]
		},
		"fixed": {
			"rotation": [-90, 0, 0],
			"translation": [0, 0, -16],
			"scale": [2, 2, 2]
		}
	}
}