{
	"credit": "Made with Blockbench",
	"texture_size": [32, 32],
	"textures": {
		"0": "block/large_amethyst_bud",
		"particle": "block/large_amethyst_bud"
	},
	"elements": [
		{
			"from": [5.5, 0, 5],
			"to": [10.5, 10, 11],
			"rotation": {"angle": 0, "axis": "y", "origin": [8.5, 0, 7]},
			"faces": {
				"north": {"uv": [0, 5, 2.5, 10], "texture": "#0"},
				"east": {"uv": [0, 0, 3, 5], "texture": "#0"},
				"south": {"uv": [2.5, 5, 5, 10], "texture": "#0"},
				"west": {"uv": [3, 0, 6, 5], "texture": "#0"},
				"up": {"uv": [7.5, 8, 5, 5], "texture": "#0"},
				"down": {"uv": [8.5, 0, 6, 3], "texture": "#0"}
			}
		},
		{
			"from": [3, 1, 6],
			"to": [7, 7, 10],
			"rotation": {"angle": 22.5, "axis": "z", "origin": [8.5, 0, 7]},
			"faces": {
				"north": {"uv": [2, 10, 4, 13], "texture": "#0"},
				"east": {"uv": [7, 10, 9, 13], "texture": "#0"},
				"south": {"uv": [11.5, 0, 13.5, 3], "texture": "#0"},
				"west": {"uv": [11.5, 3, 13.5, 6], "texture": "#0"},
				"up": {"uv": [15.5, 2, 13.5, 0], "texture": "#0"},
				"down": {"uv": [15.5, 2, 13.5, 4], "texture": "#0"}
			}
		},
		{
			"from": [6, 1, 2.5],
			"to": [10, 6, 6.5],
			"rotation": {"angle": -22.5, "axis": "x", "origin": [9, 0, 7]},
			"faces": {
				"north": {"uv": [4, 11.5, 6, 14], "texture": "#0"},
				"east": {"uv": [11.5, 6, 13.5, 8.5], "texture": "#0"},
				"south": {"uv": [11.5, 8.5, 13.5, 11], "texture": "#0"},
				"west": {"uv": [11.5, 11, 13.5, 13.5], "texture": "#0"},
				"up": {"uv": [15.5, 6, 13.5, 4], "texture": "#0"},
				"down": {"uv": [15.5, 6, 13.5, 8], "texture": "#0"}
			}
		},
		{
			"from": [9, 1, 6],
			"to": [13, 8, 10],
			"rotation": {"angle": -22.5, "axis": "z", "origin": [8.5, 0, 8]},
			"faces": {
				"north": {"uv": [7.5, 3, 9.5, 6.5], "texture": "#0"},
				"east": {"uv": [7.5, 6.5, 9.5, 10], "texture": "#0"},
				"south": {"uv": [5, 8, 7, 11.5], "texture": "#0"},
				"west": {"uv": [9.5, 0, 11.5, 3.5], "texture": "#0"},
				"up": {"uv": [4, 15, 2, 13], "texture": "#0"},
				"down": {"uv": [8, 13, 6, 15], "texture": "#0"}
			}
		},
		{
			"from": [6, 1, 9.5],
			"to": [10, 7, 13.5],
			"rotation": {"angle": 22.5, "axis": "x", "origin": [8, 0, 8]},
			"faces": {
				"north": {"uv": [9.5, 3.5, 11.5, 6.5], "texture": "#0"},
				"east": {"uv": [9.5, 6.5, 11.5, 9.5], "texture": "#0"},
				"south": {"uv": [9.5, 9.5, 11.5, 12.5], "texture": "#0"},
				"west": {"uv": [0, 10, 2, 13], "texture": "#0"},
				"up": {"uv": [11, 14.5, 9, 12.5], "texture": "#0"},
				"down": {"uv": [2, 13, 0, 15], "texture": "#0"}
			}
		}
	]
}