{
	"credit": "Made with Blockbench",
	"texture_size": [32, 32],
	"textures": {
		"0": "block/medium_amethyst_bud",
		"particle": "block/medium_amethyst_bud"
	},
	"elements": [
		{
			"from": [5.5, 0, 5.5],
			"to": [10.5, 8, 10.5],
			"rotation": {"angle": 0, "axis": "y", "origin": [8.5, 0, 7]},
			"faces": {
				"north": {"uv": [0, 0, 2.5, 4], "texture": "#0"},
				"east": {"uv": [2.5, 0, 5, 4], "texture": "#0"},
				"south": {"uv": [0, 4, 2.5, 8], "texture": "#0"},
				"west": {"uv": [2.5, 4, 5, 8], "texture": "#0"},
				"up": {"uv": [7.5, 2.5, 5, 0], "texture": "#0"},
				"down": {"uv": [7.5, 2.5, 5, 5], "texture": "#0"}
			}
		},
		{
			"from": [3, 1, 6],
			"to": [7, 6, 10],
			"rotation": {"angle": 22.5, "axis": "z", "origin": [8.5, 0, 7]},
			"faces": {
				"north": {"uv": [2, 8, 4, 10.5], "texture": "#0"},
				"east": {"uv": [4, 8, 6, 10.5], "texture": "#0"},
				"south": {"uv": [6, 8, 8, 10.5], "texture": "#0"},
				"west": {"uv": [8, 8, 10, 10.5], "texture": "#0"},
				"up": {"uv": [13, 4.5, 11, 2.5], "texture": "#0"},
				"down": {"uv": [13, 4.5, 11, 6.5], "texture": "#0"}
			}
		},
		{
			"from": [9, 1, 6],
			"to": [13, 6, 10],
			"rotation": {"angle": -22.5, "axis": "z", "origin": [7.5, 0, 7]},
			"faces": {
				"north": {"uv": [9, 3, 11, 5.5], "texture": "#0"},
				"east": {"uv": [9, 5.5, 11, 8], "texture": "#0"},
				"south": {"uv": [9.5, 0, 11.5, 2.5], "texture": "#0"},
				"west": {"uv": [10, 8, 12, 10.5], "texture": "#0"},
				"up": {"uv": [13.5, 2, 11.5, 0], "texture": "#0"},
				"down": {"uv": [14, 6.5, 12, 8.5], "texture": "#0"}
			}
		},
		{
			"from": [6, 1, 3],
			"to": [10, 7, 7],
			"rotation": {"angle": -22.5, "axis": "x", "origin": [8.5, 0, 8.5]},
			"faces": {
				"north": {"uv": [5, 5, 7, 8], "texture": "#0"},
				"east": {"uv": [7, 5, 9, 8], "texture": "#0"},
				"south": {"uv": [7.5, 0, 9.5, 3], "texture": "#0"},
				"west": {"uv": [0, 8, 2, 11], "texture": "#0"},
				"up": {"uv": [14, 10.5, 12, 8.5], "texture": "#0"},
				"down": {"uv": [14, 10.5, 12, 12.5], "texture": "#0"}
			}
		},
		{
			"from": [6, 1, 9],
			"to": [10, 5, 13],
			"rotation": {"angle": 22.5, "axis": "x", "origin": [8.5, 0, 7.5]},
			"faces": {
				"north": {"uv": [2, 10.5, 4, 12.5], "texture": "#0"},
				"east": {"uv": [4, 10.5, 6, 12.5], "texture": "#0"},
				"south": {"uv": [6, 10.5, 8, 12.5], "texture": "#0"},
				"west": {"uv": [8, 10.5, 10, 12.5], "texture": "#0"},
				"up": {"uv": [12, 12.5, 10, 10.5], "texture": "#0"},
				"down": {"uv": [2, 11, 0, 13], "texture": "#0"}
			}
		}
	],
	"gui_light": "front",
	"display": {
		"thirdperson_righthand": {
			"rotation": [75, 45, 0],
			"translation": [0, 2.5, 2.5],
			"scale": [0.375, 0.375, 0.375]
		},
		"thirdperson_lefthand": {
			"rotation": [75, 45, 0],
			"translation": [0, 2.5, 2],
			"scale": [0.375, 0.375, 0.375]
		},
		"firstperson_righthand": {
			"rotation": [0, 45, 0],
			"translation": [0, 2.5, 0],
			"scale": [0.4, 0.4, 0.4]
		},
		"firstperson_lefthand": {
			"rotation": [0, 225, 0],
			"translation": [0, 2.5, 0],
			"scale": [0.4, 0.4, 0.4]
		},
		"ground": {
			"translation": [0, 2, 0],
			"scale": [0.5, 0.5, 0.5]
		},
		"gui": {
			"rotation": [30, 225, 0],
			"scale": [0.625, 0.625, 0.625]
		},
		"head": {
			"rotation": [-13.5, 0, 26],
			"translation": [-6.5, 11.25, -4]
		},
		"fixed": {
			"rotation": [0, 180, 0]
		}
	}
}