{
	"credit": "Made with Blockbench",
	"textures": {
		"2": "block/moss_carpet_side",
		"particle": "block/moss_block",
		"wool": "block/moss_block"
	},
	"elements": [
		{
			"from": [0, 0, 0],
			"to": [16, 1, 16],
			"faces": {
				"north": {"uv": [0, 15, 16, 16], "texture": "#wool", "cullface": "north"},
				"east": {"uv": [0, 15, 16, 16], "texture": "#wool", "cullface": "east"},
				"south": {"uv": [0, 15, 16, 16], "texture": "#wool", "cullface": "south"},
				"west": {"uv": [0, 15, 16, 16], "texture": "#wool", "cullface": "west"},
				"up": {"uv": [0, 0, 16, 16], "texture": "#wool"},
				"down": {"uv": [0, 0, 16, 16], "texture": "#wool", "cullface": "down"}
			}
		},
		{
			"from": [0, -4, -0.01],
			"to": [16, 0, -0.01],
			"rotation": {"angle": 0, "axis": "y", "origin": [8, 0, 8]},
			"faces": {
				"north": {"uv": [16, 0, 0, 4], "texture": "#2"},
				"east": {"uv": [0, 0, 0, 6], "texture": "#2"},
				"south": {"uv": [0, 0, 16, 4], "texture": "#2"},
				"west": {"uv": [0, 0, 0, 6], "texture": "#2"},
				"up": {"uv": [0, 0, 16, 0], "rotation": 180, "texture": "#2"},
				"down": {"uv": [0, 0, 16, 0], "rotation": 180, "texture": "#2"}
			}
		},
		{
			"from": [7, -5, -0.01],
			"to": [15, -4, -0.01],
			"rotation": {"angle": 0, "axis": "y", "origin": [8, 0, 8]},
			"faces": {
				"north": {"uv": [9, 4, 1, 5], "texture": "#2"},
				"east": {"uv": [0, 0, 0, 6], "texture": "#2"},
				"south": {"uv": [1, 4, 9, 5], "texture": "#2"},
				"west": {"uv": [0, 0, 0, 6], "texture": "#2"},
				"up": {"uv": [0, 0, 16, 0], "rotation": 180, "texture": "#2"},
				"down": {"uv": [0, 0, 16, 0], "rotation": 180, "texture": "#2"}
			}
		},
		{
			"from": [12, -6, -0.01],
			"to": [13, -5, -0.01],
			"rotation": {"angle": 0, "axis": "y", "origin": [8, 0, 8]},
			"faces": {
				"north": {"uv": [4, 5, 3, 6], "texture": "#2"},
				"east": {"uv": [0, 0, 0, 6], "texture": "#2"},
				"south": {"uv": [3, 5, 4, 6], "texture": "#2"},
				"west": {"uv": [0, 0, 0, 6], "texture": "#2"},
				"up": {"uv": [0, 0, 16, 0], "rotation": 180, "texture": "#2"},
				"down": {"uv": [0, 0, 16, 0], "rotation": 180, "texture": "#2"}
			}
		},
		{
			"from": [8, -6, -0.01],
			"to": [10, -5, -0.01],
			"rotation": {"angle": 0, "axis": "y", "origin": [8, 0, 8]},
			"faces": {
				"north": {"uv": [8, 5, 6, 6], "texture": "#2"},
				"east": {"uv": [0, 0, 0, 6], "texture": "#2"},
				"south": {"uv": [6, 5, 8, 6], "texture": "#2"},
				"west": {"uv": [0, 0, 0, 6], "texture": "#2"},
				"up": {"uv": [0, 0, 16, 0], "rotation": 180, "texture": "#2"},
				"down": {"uv": [0, 0, 16, 0], "rotation": 180, "texture": "#2"}
			}
		},
		{
			"from": [2, -5, -0.01],
			"to": [6, -4, -0.01],
			"rotation": {"angle": 0, "axis": "y", "origin": [8, 0, 8]},
			"faces": {
				"north": {"uv": [14, 4, 10, 5], "texture": "#2"},
				"east": {"uv": [0, 0, 0, 6], "texture": "#2"},
				"south": {"uv": [10, 4, 14, 5], "texture": "#2"},
				"west": {"uv": [0, 0, 0, 6], "texture": "#2"},
				"up": {"uv": [0, 0, 16, 0], "rotation": 180, "texture": "#2"},
				"down": {"uv": [0, 0, 16, 0], "rotation": 180, "texture": "#2"}
			}
		},
		{
			"from": [3, -6, -0.01],
			"to": [6, -5, -0.01],
			"rotation": {"angle": 0, "axis": "y", "origin": [8, 0, 8]},
			"faces": {
				"north": {"uv": [13, 5, 10, 6], "texture": "#2"},
				"east": {"uv": [0, 0, 0, 6], "texture": "#2"},
				"south": {"uv": [10, 5, 13, 6], "texture": "#2"},
				"west": {"uv": [0, 0, 0, 6], "texture": "#2"},
				"up": {"uv": [0, 0, 16, 0], "rotation": 180, "texture": "#2"},
				"down": {"uv": [0, 0, 16, 0], "rotation": 180, "texture": "#2"}
			}
		},
		{
			"from": [16.01, -4, 0],
			"to": [16.01, 0, 16],
			"rotation": {"angle": 0, "axis": "y", "origin": [8, 0, 8]},
			"faces": {
				"north": {"uv": [0, 0, 0, 6], "texture": "#2"},
				"east": {"uv": [16, 0, 0, 4], "texture": "#2"},
				"south": {"uv": [0, 0, 0, 6], "texture": "#2"},
				"west": {"uv": [0, 0, 16, 4], "texture": "#2"},
				"up": {"uv": [0, 0, 16, 0], "rotation": 270, "texture": "#2"},
				"down": {"uv": [0, 0, 16, 0], "rotation": 90, "texture": "#2"}
			}
		},
		{
			"from": [16.01, -5, 7],
			"to": [16.01, -4, 15],
			"rotation": {"angle": 0, "axis": "y", "origin": [8, 0, 8]},
			"faces": {
				"north": {"uv": [0, 0, 0, 6], "texture": "#2"},
				"east": {"uv": [9, 4, 1, 5], "texture": "#2"},
				"south": {"uv": [0, 0, 0, 6], "texture": "#2"},
				"west": {"uv": [1, 4, 9, 5], "texture": "#2"},
				"up": {"uv": [0, 0, 16, 0], "rotation": 270, "texture": "#2"},
				"down": {"uv": [0, 0, 16, 0], "rotation": 90, "texture": "#2"}
			}
		},
		{
			"from": [16.01, -6, 12],
			"to": [16.01, -5, 13],
			"rotation": {"angle": 0, "axis": "y", "origin": [8, 0, 8]},
			"faces": {
				"north": {"uv": [0, 0, 0, 6], "texture": "#2"},
				"east": {"uv": [4, 5, 3, 6], "texture": "#2"},
				"south": {"uv": [0, 0, 0, 6], "texture": "#2"},
				"west": {"uv": [3, 5, 4, 6], "texture": "#2"},
				"up": {"uv": [0, 0, 16, 0], "rotation": 270, "texture": "#2"},
				"down": {"uv": [0, 0, 16, 0], "rotation": 90, "texture": "#2"}
			}
		},
		{
			"from": [16.01, -6, 8],
			"to": [16.01, -5, 10],
			"rotation": {"angle": 0, "axis": "y", "origin": [8, 0, 8]},
			"faces": {
				"north": {"uv": [0, 0, 0, 6], "texture": "#2"},
				"east": {"uv": [8, 5, 6, 6], "texture": "#2"},
				"south": {"uv": [0, 0, 0, 6], "texture": "#2"},
				"west": {"uv": [6, 5, 8, 6], "texture": "#2"},
				"up": {"uv": [0, 0, 16, 0], "rotation": 270, "texture": "#2"},
				"down": {"uv": [0, 0, 16, 0], "rotation": 90, "texture": "#2"}
			}
		},
		{
			"from": [16.01, -5, 2],
			"to": [16.01, -4, 6],
			"rotation": {"angle": 0, "axis": "y", "origin": [8, 0, 8]},
			"faces": {
				"north": {"uv": [0, 0, 0, 6], "texture": "#2"},
				"east": {"uv": [14, 4, 10, 5], "texture": "#2"},
				"south": {"uv": [0, 0, 0, 6], "texture": "#2"},
				"west": {"uv": [10, 4, 14, 5], "texture": "#2"},
				"up": {"uv": [0, 0, 16, 0], "rotation": 270, "texture": "#2"},
				"down": {"uv": [0, 0, 16, 0], "rotation": 90, "texture": "#2"}
			}
		},
		{
			"from": [16.01, -6, 3],
			"to": [16.01, -5, 6],
			"rotation": {"angle": 0, "axis": "y", "origin": [8, 0, 8]},
			"faces": {
				"north": {"uv": [0, 0, 0, 6], "texture": "#2"},
				"east": {"uv": [13, 5, 10, 6], "texture": "#2"},
				"south": {"uv": [0, 0, 0, 6], "texture": "#2"},
				"west": {"uv": [10, 5, 13, 6], "texture": "#2"},
				"up": {"uv": [0, 0, 16, 0], "rotation": 270, "texture": "#2"},
				"down": {"uv": [0, 0, 16, 0], "rotation": 90, "texture": "#2"}
			}
		},
		{
			"from": [0, -4, 16.01],
			"to": [16, 0, 16.01],
			"rotation": {"angle": 0, "axis": "y", "origin": [8, 0, 8]},
			"faces": {
				"north": {"uv": [0, 0, 16, 4], "texture": "#2"},
				"east": {"uv": [0, 0, 0, 6], "texture": "#2"},
				"south": {"uv": [16, 0, 0, 4], "texture": "#2"},
				"west": {"uv": [0, 0, 0, 6], "texture": "#2"},
				"up": {"uv": [0, 0, 16, 0], "texture": "#2"},
				"down": {"uv": [0, 0, 16, 0], "texture": "#2"}
			}
		},
		{
			"from": [1, -5, 16.01],
			"to": [9, -4, 16.01],
			"rotation": {"angle": 0, "axis": "y", "origin": [8, 0, 8]},
			"faces": {
				"north": {"uv": [1, 4, 9, 5], "texture": "#2"},
				"east": {"uv": [0, 0, 0, 6], "texture": "#2"},
				"south": {"uv": [9, 4, 1, 5], "texture": "#2"},
				"west": {"uv": [0, 0, 0, 6], "texture": "#2"},
				"up": {"uv": [0, 0, 16, 0], "texture": "#2"},
				"down": {"uv": [0, 0, 16, 0], "texture": "#2"}
			}
		},
		{
			"from": [3, -6, 16.01],
			"to": [4, -5, 16.01],
			"rotation": {"angle": 0, "axis": "y", "origin": [8, 0, 8]},
			"faces": {
				"north": {"uv": [3, 5, 4, 6], "texture": "#2"},
				"east": {"uv": [0, 0, 0, 6], "texture": "#2"},
				"south": {"uv": [4, 5, 3, 6], "texture": "#2"},
				"west": {"uv": [0, 0, 0, 6], "texture": "#2"},
				"up": {"uv": [0, 0, 16, 0], "texture": "#2"},
				"down": {"uv": [0, 0, 16, 0], "texture": "#2"}
			}
		},
		{
			"from": [6, -6, 16.01],
			"to": [8, -5, 16.01],
			"rotation": {"angle": 0, "axis": "y", "origin": [8, 0, 8]},
			"faces": {
				"north": {"uv": [6, 5, 8, 6], "texture": "#2"},
				"east": {"uv": [0, 0, 0, 6], "texture": "#2"},
				"south": {"uv": [8, 5, 6, 6], "texture": "#2"},
				"west": {"uv": [0, 0, 0, 6], "texture": "#2"},
				"up": {"uv": [0, 0, 16, 0], "texture": "#2"},
				"down": {"uv": [0, 0, 16, 0], "texture": "#2"}
			}
		},
		{
			"from": [10, -5, 16.01],
			"to": [14, -4, 16.01],
			"rotation": {"angle": 0, "axis": "y", "origin": [8, 0, 8]},
			"faces": {
				"north": {"uv": [10, 4, 14, 5], "texture": "#2"},
				"east": {"uv": [0, 0, 0, 6], "texture": "#2"},
				"south": {"uv": [14, 4, 10, 5], "texture": "#2"},
				"west": {"uv": [0, 0, 0, 6], "texture": "#2"},
				"up": {"uv": [0, 0, 16, 0], "texture": "#2"},
				"down": {"uv": [0, 0, 16, 0], "texture": "#2"}
			}
		},
		{
			"from": [10, -6, 16.01],
			"to": [13, -5, 16.01],
			"rotation": {"angle": 0, "axis": "y", "origin": [8, 0, 8]},
			"faces": {
				"north": {"uv": [10, 5, 13, 6], "texture": "#2"},
				"east": {"uv": [0, 0, 0, 6], "texture": "#2"},
				"south": {"uv": [13, 5, 10, 6], "texture": "#2"},
				"west": {"uv": [0, 0, 0, 6], "texture": "#2"},
				"up": {"uv": [0, 0, 16, 0], "texture": "#2"},
				"down": {"uv": [0, 0, 16, 0], "texture": "#2"}
			}
		},
		{
			"from": [-0.01, -4, 0],
			"to": [-0.01, 0, 16],
			"rotation": {"angle": 0, "axis": "y", "origin": [8, 0, 8]},
			"faces": {
				"north": {"uv": [0, 0, 0, 6], "texture": "#2"},
				"east": {"uv": [0, 0, 16, 4], "texture": "#2"},
				"south": {"uv": [0, 0, 0, 6], "texture": "#2"},
				"west": {"uv": [16, 0, 0, 4], "texture": "#2"},
				"up": {"uv": [0, 0, 16, 0], "rotation": 90, "texture": "#2"},
				"down": {"uv": [0, 0, 16, 0], "rotation": 270, "texture": "#2"}
			}
		},
		{
			"from": [-0.01, -5, 1],
			"to": [-0.01, -4, 9],
			"rotation": {"angle": 0, "axis": "y", "origin": [8, 0, 8]},
			"faces": {
				"north": {"uv": [0, 0, 0, 6], "texture": "#2"},
				"east": {"uv": [1, 4, 9, 5], "texture": "#2"},
				"south": {"uv": [0, 0, 0, 6], "texture": "#2"},
				"west": {"uv": [9, 4, 1, 5], "texture": "#2"},
				"up": {"uv": [0, 0, 16, 0], "rotation": 90, "texture": "#2"},
				"down": {"uv": [0, 0, 16, 0], "rotation": 270, "texture": "#2"}
			}
		},
		{
			"from": [-0.01, -6, 3],
			"to": [-0.01, -5, 4],
			"rotation": {"angle": 0, "axis": "y", "origin": [8, 0, 8]},
			"faces": {
				"north": {"uv": [0, 0, 0, 6], "texture": "#2"},
				"east": {"uv": [3, 5, 4, 6], "texture": "#2"},
				"south": {"uv": [0, 0, 0, 6], "texture": "#2"},
				"west": {"uv": [4, 5, 3, 6], "texture": "#2"},
				"up": {"uv": [0, 0, 16, 0], "rotation": 90, "texture": "#2"},
				"down": {"uv": [0, 0, 16, 0], "rotation": 270, "texture": "#2"}
			}
		},
		{
			"from": [-0.01, -6, 6],
			"to": [-0.01, -5, 8],
			"rotation": {"angle": 0, "axis": "y", "origin": [8, 0, 8]},
			"faces": {
				"north": {"uv": [0, 0, 0, 6], "texture": "#2"},
				"east": {"uv": [6, 5, 8, 6], "texture": "#2"},
				"south": {"uv": [0, 0, 0, 6], "texture": "#2"},
				"west": {"uv": [8, 5, 6, 6], "texture": "#2"},
				"up": {"uv": [0, 0, 16, 0], "rotation": 90, "texture": "#2"},
				"down": {"uv": [0, 0, 16, 0], "rotation": 270, "texture": "#2"}
			}
		},
		{
			"from": [-0.01, -5, 10],
			"to": [-0.01, -4, 14],
			"rotation": {"angle": 0, "axis": "y", "origin": [8, 0, 8]},
			"faces": {
				"north": {"uv": [0, 0, 0, 6], "texture": "#2"},
				"east": {"uv": [10, 4, 14, 5], "texture": "#2"},
				"south": {"uv": [0, 0, 0, 6], "texture": "#2"},
				"west": {"uv": [14, 4, 10, 5], "texture": "#2"},
				"up": {"uv": [0, 0, 16, 0], "rotation": 90, "texture": "#2"},
				"down": {"uv": [0, 0, 16, 0], "rotation": 270, "texture": "#2"}
			}
		},
		{
			"from": [-0.01, -6, 10],
			"to": [-0.01, -5, 13],
			"rotation": {"angle": 0, "axis": "y", "origin": [8, 0, 8]},
			"faces": {
				"north": {"uv": [0, 0, 0, 6], "texture": "#2"},
				"east": {"uv": [10, 5, 13, 6], "texture": "#2"},
				"south": {"uv": [0, 0, 0, 6], "texture": "#2"},
				"west": {"uv": [13, 5, 10, 6], "texture": "#2"},
				"up": {"uv": [0, 0, 16, 0], "rotation": 90, "texture": "#2"},
				"down": {"uv": [0, 0, 16, 0], "rotation": 270, "texture": "#2"}
			}
		}
	],
	"gui_light": "front",
	"display": {
		"thirdperson_righthand": {
			"rotation": [75, 45, 0],
			"translation": [0, 2.5, 4.5],
			"scale": [0.375, 0.375, 0.375]
		},
		"thirdperson_lefthand": {
			"rotation": [75, 45, 0],
			"translation": [0, 2.5, 4.5],
			"scale": [0.375, 0.375, 0.375]
		},
		"firstperson_righthand": {
			"rotation": [0, 45, 0],
			"translation": [0, 4.5, 0],
			"scale": [0.4, 0.4, 0.4]
		},
		"firstperson_lefthand": {
			"rotation": [0, 225, 0],
			"translation": [0, 4.5, 0],
			"scale": [0.4, 0.4, 0.4]
		},
		"ground": {
			"translation": [0, 3, 0],
			"scale": [0.25, 0.25, 0.25]
		},
		"gui": {
			"rotation": [30, 225, 0],
			"translation": [0, 4.5, 0],
			"scale": [0.625, 0.625, 0.625]
		},
		"head": {
			"translation": [0, 14.25, 0]
		},
		"fixed": {
			"scale": [0.5, 0.5, 0.5]
		}
	},
	"groups": [
		0,
		{
			"name": "side",
			"origin": [0, 0, 0],
			"color": 0,
			"children": [
				1,
				2,
				3,
				4,
				5,
				6,
				{
					"name": "side",
					"origin": [0, 0, 0],
					"color": 0,
					"children": [7, 8, 9, 10, 11, 12]
				},
				{
					"name": "side",
					"origin": [0, 0, 0],
					"color": 0,
					"children": [
						13,
						14,
						15,
						16,
						17,
						18,
						{
							"name": "side",
							"origin": [0, 0, 0],
							"color": 0,
							"children": [19, 20, 21, 22, 23, 24]
						}
					]
				}
			]
		}
	]
}