{
	"credit": "Made with Blockbench",
	"texture_size": [64, 64],
	"textures": {
		"1": "block/pointed_dripstone2",
		"particle": "block/pointed_dripstone2"
	},
	"elements": [
		{
			"from": [6, 0, 6],
			"to": [10, 3, 10],
			"rotation": {"angle": 0, "axis": "x", "origin": [8, 8, 8]},
			"faces": {
				"north": {"uv": [13.5, 12, 14.5, 12.75], "rotation": 180, "texture": "#1"},
				"east": {"uv": [13.5, 12, 14.5, 12.75], "rotation": 180, "texture": "#1"},
				"south": {"uv": [13.5, 12, 14.5, 12.75], "rotation": 180, "texture": "#1"},
				"west": {"uv": [13.5, 12, 14.5, 12.75], "rotation": 180, "texture": "#1"},
				"up": {"uv": [1.5, 1.25, 2.5, 2.25], "texture": "#1"},
				"down": {"uv": [1.5, 1.25, 2.5, 2.25], "texture": "#1"}
			}
		},
		{
			"from": [4, 10, 4],
			"to": [12, 16, 12],
			"rotation": {"angle": 0, "axis": "x", "origin": [8, 8, 8]},
			"faces": {
				"north": {"uv": [13, 14.5, 15, 16], "rotation": 180, "texture": "#1"},
				"east": {"uv": [13, 14.5, 15, 16], "rotation": 180, "texture": "#1"},
				"south": {"uv": [13, 14.5, 15, 16], "rotation": 180, "texture": "#1"},
				"west": {"uv": [13, 14.5, 15, 16], "rotation": 180, "texture": "#1"},
				"up": {"uv": [1, 0.75, 3, 2.75], "texture": "#1"},
				"down": {"uv": [1, 0.75, 3, 2.75], "texture": "#1"}
			}
		},
		{
			"from": [5, 3, 5],
			"to": [11, 10, 11],
			"rotation": {"angle": 0, "axis": "x", "origin": [8, 8, 8]},
			"faces": {
				"north": {"uv": [13.25, 12.75, 14.75, 14.5], "rotation": 180, "texture": "#1"},
				"east": {"uv": [13.25, 12.75, 14.75, 14.5], "rotation": 180, "texture": "#1"},
				"south": {"uv": [13.25, 12.75, 14.75, 14.5], "rotation": 180, "texture": "#1"},
				"west": {"uv": [13.25, 12.75, 14.75, 14.5], "rotation": 180, "texture": "#1"},
				"up": {"uv": [1.25, 1.25, 2.75, 2.75], "texture": "#1"},
				"down": {"uv": [1.25, 1.25, 2.75, 2.75], "texture": "#1"}
			}
		}
	]
}