{
	"credit": "Made with Blockbench",
	"texture_size": [64, 64],
	"textures": {
		"0": "block/pointed_dripstone",
		"particle": "block/pointed_dripstone"
	},
	"elements": [
		{
			"from": [4, 0, 4],
			"to": [12, 6, 12],
			"faces": {
				"north": {"uv": [13, 14.5, 15, 16], "texture": "#0"},
				"east": {"uv": [13, 14.5, 15, 16], "texture": "#0"},
				"south": {"uv": [13, 14.5, 15, 16], "texture": "#0"},
				"west": {"uv": [13, 14.5, 15, 16], "texture": "#0"},
				"up": {"uv": [1, 0.75, 3, 2.75], "texture": "#0"},
				"down": {"uv": [1, 0.75, 3, 2.75], "texture": "#0"}
			}
		},
		{
			"from": [5, 6, 5],
			"to": [11, 13, 11],
			"faces": {
				"north": {"uv": [13.25, 12.75, 14.75, 14.5], "texture": "#0"},
				"east": {"uv": [13.25, 12.75, 14.75, 14.5], "texture": "#0"},
				"south": {"uv": [13.25, 12.75, 14.75, 14.5], "texture": "#0"},
				"west": {"uv": [13.25, 12.75, 14.75, 14.5], "texture": "#0"},
				"up": {"uv": [1.25, 1.25, 2.75, 2.75], "texture": "#0"},
				"down": {"uv": [1.25, 1.25, 2.75, 2.75], "texture": "#0"}
			}
		},
		{
			"from": [6, 13, 6],
			"to": [10, 16, 10],
			"faces": {
				"north": {"uv": [13.5, 12, 14.5, 12.75], "texture": "#0"},
				"east": {"uv": [13.5, 12, 14.5, 12.75], "texture": "#0"},
				"south": {"uv": [13.5, 12, 14.5, 12.75], "texture": "#0"},
				"west": {"uv": [13.5, 12, 14.5, 12.75], "texture": "#0"},
				"up": {"uv": [1.5, 1.25, 2.5, 2.25], "texture": "#0"},
				"down": {"uv": [1.5, 1.25, 2.5, 2.25], "texture": "#0"}
			}
		}
	]
}