{
	"credit": "Made with Blockbench",
	"texture_size": [64, 64],
	"textures": {
		"0": "block/pointed_dripstone",
		"particle": "block/pointed_dripstone"
	},
	"elements": [
		{
			"from": [2, 0, 2],
			"to": [14, 4, 14],
			"faces": {
				"north": {"uv": [8.5, 11, 11.5, 12], "texture": "#0"},
				"east": {"uv": [8.5, 11, 11.5, 12], "texture": "#0"},
				"south": {"uv": [8.5, 11, 11.5, 12], "texture": "#0"},
				"west": {"uv": [8.5, 11, 11.5, 12], "texture": "#0"},
				"up": {"uv": [0.5, 0.5, 3.5, 3.5], "texture": "#0"},
				"down": {"uv": [0.5, 0.5, 3.5, 3.5], "texture": "#0"}
			}
		},
		{
			"from": [3, 4, 3],
			"to": [13, 7, 13],
			"faces": {
				"north": {"uv": [8.75, 10.25, 11.25, 11], "texture": "#0"},
				"east": {"uv": [8.75, 10.25, 11.25, 11], "texture": "#0"},
				"south": {"uv": [8.75, 10.25, 11.25, 11], "texture": "#0"},
				"west": {"uv": [8.75, 10.25, 11.25, 11], "texture": "#0"},
				"up": {"uv": [0.75, 0.75, 3.25, 3.25], "texture": "#0"},
				"down": {"uv": [0.75, 0.75, 3.25, 3.25], "texture": "#0"}
			}
		},
		{
			"from": [3, 13, 3],
			"to": [13, 16, 13],
			"faces": {
				"north": {"uv": [8.75, 8, 11.25, 8.75], "texture": "#0"},
				"east": {"uv": [8.75, 8, 11.25, 8.75], "texture": "#0"},
				"south": {"uv": [8.75, 8, 11.25, 8.75], "texture": "#0"},
				"west": {"uv": [8.75, 8, 11.25, 8.75], "texture": "#0"},
				"up": {"uv": [0.75, 0.75, 3.25, 3.25], "texture": "#0"},
				"down": {"uv": [0.75, 0.75, 3.25, 3.25], "texture": "#0"}
			}
		},
		{
			"from": [2, 7, 2],
			"to": [14, 13, 14],
			"faces": {
				"north": {"uv": [8.5, 8.75, 11.5, 10.25], "texture": "#0"},
				"east": {"uv": [8.5, 8.75, 11.5, 10.25], "texture": "#0"},
				"south": {"uv": [8.5, 8.75, 11.5, 10.25], "texture": "#0"},
				"west": {"uv": [8.5, 8.75, 11.5, 10.25], "texture": "#0"},
				"up": {"uv": [0.5, 0.5, 3.5, 3.5], "texture": "#0"},
				"down": {"uv": [0.5, 0.5, 3.5, 3.5], "texture": "#0"}
			}
		}
	]
}