{
	"credit": "Made with Blockbench",
	"texture_size": [64, 64],
	"textures": {
		"0": "block/pointed_dripstone",
		"particle": "block/pointed_dripstone"
	},
	"elements": [
		{
			"from": [2, 0, 2],
			"to": [14, 5, 14],
			"faces": {
				"north": {"uv": [8.5, 6.75, 11.5, 8], "texture": "#0"},
				"east": {"uv": [8.5, 6.75, 11.5, 8], "texture": "#0"},
				"south": {"uv": [8.5, 6.75, 11.5, 8], "texture": "#0"},
				"west": {"uv": [8.5, 6.75, 11.5, 8], "texture": "#0"},
				"up": {"uv": [0.5, 0.5, 3.5, 3.5], "texture": "#0"},
				"down": {"uv": [0.5, 0.5, 3.5, 3.5], "texture": "#0"}
			}
		},
		{
			"from": [3, 5, 3],
			"to": [13, 11, 13],
			"faces": {
				"north": {"uv": [8.75, 5.25, 11.25, 6.75], "texture": "#0"},
				"east": {"uv": [8.75, 5.25, 11.25, 6.75], "texture": "#0"},
				"south": {"uv": [8.75, 5.25, 11.25, 6.75], "texture": "#0"},
				"west": {"uv": [8.75, 5.25, 11.25, 6.75], "texture": "#0"},
				"up": {"uv": [0.75, 0.75, 3.25, 3.25], "texture": "#0"},
				"down": {"uv": [0.75, 0.75, 3.25, 3.25], "texture": "#0"}
			}
		},
		{
			"from": [4, 11, 4],
			"to": [12, 16, 12],
			"faces": {
				"north": {"uv": [9, 3.75, 11, 5], "texture": "#0"},
				"east": {"uv": [9, 3.75, 11, 5], "texture": "#0"},
				"south": {"uv": [9, 3.75, 11, 5], "texture": "#0"},
				"west": {"uv": [9, 3.75, 11, 5], "texture": "#0"},
				"up": {"uv": [1, 1, 3, 3], "texture": "#0"},
				"down": {"uv": [1, 1, 3, 3], "texture": "#0"}
			}
		}
	]
}