{
	"credit": "Made with Blockbench",
	"texture_size": [64, 64],
	"textures": {
		"0": "block/pointed_dripstone",
		"particle": "block/pointed_dripstone"
	},
	"elements": [
		{
			"from": [4, 0, 4],
			"to": [12, 1, 12],
			"rotation": {"angle": 0, "axis": "x", "origin": [8, 8, 8]},
			"faces": {
				"north": {"uv": [9, 3.75, 11, 4], "texture": "#0"},
				"east": {"uv": [9, 3.75, 11, 4], "texture": "#0"},
				"south": {"uv": [9, 3.75, 11, 4], "texture": "#0"},
				"west": {"uv": [9, 3.75, 11, 4], "texture": "#0"},
				"up": {"uv": [1, 1, 3, 3], "texture": "#0"},
				"down": {"uv": [8.25, 12.5, 10.25, 14.5], "texture": "#0"}
			}
		},
		{
			"from": [5, 1, 5],
			"to": [11, 5, 11],
			"rotation": {"angle": 0, "axis": "x", "origin": [8, 8, 8]},
			"faces": {
				"north": {"uv": [9.25, 2.75, 10.75, 3.75], "texture": "#0"},
				"east": {"uv": [9.25, 2.75, 10.75, 3.75], "texture": "#0"},
				"south": {"uv": [9.25, 2.75, 10.75, 3.75], "texture": "#0"},
				"west": {"uv": [9.25, 2.75, 10.75, 3.75], "texture": "#0"},
				"up": {"uv": [1.25, 1.25, 2.75, 2.75], "texture": "#0"},
				"down": {"uv": [1.25, 1.25, 2.75, 2.75], "texture": "#0"}
			}
		},
		{
			"from": [6, 5, 6],
			"to": [10, 8, 10],
			"rotation": {"angle": 0, "axis": "x", "origin": [8, 8, 8]},
			"faces": {
				"north": {"uv": [9.5, 2, 10.5, 2.75], "texture": "#0"},
				"east": {"uv": [9.5, 2, 10.5, 2.75], "texture": "#0"},
				"south": {"uv": [9.5, 2, 10.5, 2.75], "texture": "#0"},
				"west": {"uv": [9.5, 2, 10.5, 2.75], "texture": "#0"},
				"up": {"uv": [1.5, 1.5, 2.5, 2.5], "texture": "#0"},
				"down": {"uv": [1.5, 1.5, 2.5, 2.5], "texture": "#0"}
			}
		},
		{
			"from": [7, 8, 7],
			"to": [9, 11, 9],
			"rotation": {"angle": 0, "axis": "x", "origin": [8, 8, 8]},
			"faces": {
				"north": {"uv": [9.75, 1.25, 10.25, 2], "texture": "#0"},
				"east": {"uv": [9.75, 1.25, 10.25, 2], "texture": "#0"},
				"south": {"uv": [9.75, 1.25, 10.25, 2], "texture": "#0"},
				"west": {"uv": [9.75, 1.25, 10.25, 2], "texture": "#0"},
				"up": {"uv": [1.75, 1.75, 2.25, 2.25], "texture": "#0"},
				"down": {"uv": [1.75, 1.75, 2.25, 2.25], "texture": "#0"}
			}
		}
	],
	"gui_light": "front",
	"display": {
		"thirdperson_righthand": {
			"rotation": [75, 45, 0],
			"translation": [0, 2.5, 2.5],
			"scale": [0.375, 0.375, 0.375]
		},
		"thirdperson_lefthand": {
			"rotation": [75, 45, 0],
			"translation": [0, 2.5, 2.5],
			"scale": [0.375, 0.375, 0.375]
		},
		"firstperson_righthand": {
			"rotation": [0, 45, 0],
			"translation": [0, 1.5, 0],
			"scale": [0.4, 0.4, 0.4]
		},
		"firstperson_lefthand": {
			"rotation": [0, 225, 0],
			"translation": [0, 1.5, 0],
			"scale": [0.4, 0.4, 0.4]
		},
		"ground": {
			"translation": [0, 3, 0],
			"scale": [0.5, 0.5, 0.5]
		},
		"gui": {
			"rotation": [30, 225, 0]
		}
	}
}