{
	"credit": "Made with Blockbench",
	"texture_size": [64, 64],
	"textures": {
		"1": "block/pointed_dripstone2",
		"particle": "block/pointed_dripstone2"
	},
	"elements": [
		{
			"from": [2, 3, 2],
			"to": [14, 9, 14],
			"rotation": {"angle": 0, "axis": "x", "origin": [8, 8, 8]},
			"faces": {
				"north": {"uv": [8.5, 8.75, 11.5, 10.25], "rotation": 180, "texture": "#1"},
				"east": {"uv": [8.5, 8.75, 11.5, 10.25], "rotation": 180, "texture": "#1"},
				"south": {"uv": [8.5, 8.75, 11.5, 10.25], "rotation": 180, "texture": "#1"},
				"west": {"uv": [8.5, 8.75, 11.5, 10.25], "rotation": 180, "texture": "#1"},
				"up": {"uv": [0.5, 0.5, 3.5, 3.5], "texture": "#1"},
				"down": {"uv": [0.5, 0.5, 3.5, 3.5], "texture": "#1"}
			}
		},
		{
			"from": [2, 12, 2],
			"to": [14, 16, 14],
			"rotation": {"angle": 0, "axis": "x", "origin": [8, 8, 8]},
			"faces": {
				"north": {"uv": [8.5, 11, 11.5, 12], "rotation": 180, "texture": "#1"},
				"east": {"uv": [8.5, 11, 11.5, 12], "rotation": 180, "texture": "#1"},
				"south": {"uv": [8.5, 11, 11.5, 12], "rotation": 180, "texture": "#1"},
				"west": {"uv": [8.5, 11, 11.5, 12], "rotation": 180, "texture": "#1"},
				"up": {"uv": [0.5, 0.5, 3.5, 3.5], "texture": "#1"},
				"down": {"uv": [0.5, 0.5, 3.5, 3.5], "texture": "#1"}
			}
		},
		{
			"from": [3, 9, 3],
			"to": [13, 12, 13],
			"rotation": {"angle": 0, "axis": "x", "origin": [8, 8, 8]},
			"faces": {
				"north": {"uv": [8.75, 10.25, 11.25, 11], "rotation": 180, "texture": "#1"},
				"east": {"uv": [8.75, 10.25, 11.25, 11], "rotation": 180, "texture": "#1"},
				"south": {"uv": [8.75, 10.25, 11.25, 11], "rotation": 180, "texture": "#1"},
				"west": {"uv": [8.75, 10.25, 11.25, 11], "rotation": 180, "texture": "#1"},
				"up": {"uv": [0.75, 0.75, 3.25, 3.25], "texture": "#1"},
				"down": {"uv": [0.75, 0.75, 3.25, 3.25], "texture": "#1"}
			}
		},
		{
			"from": [3, 0, 3],
			"to": [13, 3, 13],
			"rotation": {"angle": 0, "axis": "x", "origin": [8, 8, 8]},
			"faces": {
				"north": {"uv": [8.75, 8, 11.25, 8.75], "rotation": 180, "texture": "#1"},
				"east": {"uv": [8.75, 8, 11.25, 8.75], "rotation": 180, "texture": "#1"},
				"south": {"uv": [8.75, 8, 11.25, 8.75], "rotation": 180, "texture": "#1"},
				"west": {"uv": [8.75, 8, 11.25, 8.75], "rotation": 180, "texture": "#1"},
				"up": {"uv": [0.75, 0.75, 3.25, 3.25], "texture": "#1"},
				"down": {"uv": [0.75, 0.75, 3.25, 3.25], "texture": "#1"}
			}
		}
	]
}