{
	"credit": "Made with Blockbench",
	"texture_size": [64, 64],
	"textures": {
		"0": "block/pointed_dripstone",
		"particle": "block/pointed_dripstone"
	},
	"elements": [
		{
			"from": [0, 0, 0],
			"to": [16, 5, 16],
			"faces": {
				"north": {"uv": [8, 14.75, 12, 16], "texture": "#0"},
				"east": {"uv": [8, 14.75, 12, 16], "texture": "#0"},
				"south": {"uv": [8, 14.75, 12, 16], "texture": "#0"},
				"west": {"uv": [8, 14.75, 12, 16], "texture": "#0"},
				"up": {"uv": [4, 4, 0, 0], "texture": "#0"},
				"down": {"uv": [4, 0, 0, 4], "texture": "#0"}
			}
		},
		{
			"from": [1, 5, 1],
			"to": [15, 14, 15],
			"faces": {
				"north": {"uv": [8.25, 12.5, 11.75, 14.75], "texture": "#0"},
				"east": {"uv": [8.25, 12.5, 11.75, 14.75], "texture": "#0"},
				"south": {"uv": [8.25, 12.5, 11.75, 14.75], "texture": "#0"},
				"west": {"uv": [8.25, 12.5, 11.75, 14.75], "texture": "#0"},
				"up": {"uv": [3.75, 3.75, 0.25, 0.25], "texture": "#0"},
				"down": {"uv": [3.75, 0.25, 0.25, 3.75], "texture": "#0"}
			}
		},
		{
			"from": [2, 14, 2],
			"to": [14, 16, 14],
			"faces": {
				"north": {"uv": [8.5, 12, 11.5, 12.5], "texture": "#0"},
				"east": {"uv": [8.5, 12, 11.5, 12.5], "texture": "#0"},
				"south": {"uv": [8.5, 12, 11.5, 12.5], "texture": "#0"},
				"west": {"uv": [8.5, 12, 11.5, 12.5], "texture": "#0"},
				"up": {"uv": [3.5, 3.5, 0.5, 0.5], "texture": "#0"},
				"down": {"uv": [3.5, 0.5, 0.5, 3.5], "texture": "#0"}
			}
		}
	]
}