{
	"credit": "Made with Blockbench",
	"texture_size": [64, 64],
	"textures": {
		"1": "block/pointed_dripstone2",
		"particle": "block/pointed_dripstone2"
	},
	"elements": [
		{
			"from": [4, 0, 4],
			"to": [12, 5, 12],
			"rotation": {"angle": 0, "axis": "x", "origin": [8, 8, 8]},
			"faces": {
				"north": {"uv": [9, 3.75, 11, 5], "rotation": 180, "texture": "#1"},
				"east": {"uv": [9, 3.75, 11, 5], "rotation": 180, "texture": "#1"},
				"south": {"uv": [9, 3.75, 11, 5], "rotation": 180, "texture": "#1"},
				"west": {"uv": [9, 3.75, 11, 5], "rotation": 180, "texture": "#1"},
				"up": {"uv": [1, 1, 3, 3], "texture": "#1"},
				"down": {"uv": [1, 1, 3, 3], "texture": "#1"}
			}
		},
		{
			"from": [2, 11, 2],
			"to": [14, 16, 14],
			"rotation": {"angle": 0, "axis": "x", "origin": [8, 8, 8]},
			"faces": {
				"north": {"uv": [8.5, 6.75, 11.5, 8], "rotation": 180, "texture": "#1"},
				"east": {"uv": [8.5, 6.75, 11.5, 8], "rotation": 180, "texture": "#1"},
				"south": {"uv": [8.5, 6.75, 11.5, 8], "rotation": 180, "texture": "#1"},
				"west": {"uv": [8.5, 6.75, 11.5, 8], "rotation": 180, "texture": "#1"},
				"up": {"uv": [0.5, 0.5, 3.5, 3.5], "texture": "#1"},
				"down": {"uv": [0.5, 0.5, 3.5, 3.5], "texture": "#1"}
			}
		},
		{
			"from": [3, 5, 3],
			"to": [13, 11, 13],
			"rotation": {"angle": 0, "axis": "x", "origin": [8, 8, 8]},
			"faces": {
				"north": {"uv": [8.75, 5.25, 11.25, 6.75], "rotation": 180, "texture": "#1"},
				"east": {"uv": [8.75, 5.25, 11.25, 6.75], "rotation": 180, "texture": "#1"},
				"south": {"uv": [8.75, 5.25, 11.25, 6.75], "rotation": 180, "texture": "#1"},
				"west": {"uv": [8.75, 5.25, 11.25, 6.75], "rotation": 180, "texture": "#1"},
				"up": {"uv": [0.75, 0.75, 3.25, 3.25], "texture": "#1"},
				"down": {"uv": [0.75, 0.75, 3.25, 3.25], "texture": "#1"}
			}
		}
	]
}