{
	"credit": "Made with Blockbench",
	"texture_size": [64, 64],
	"textures": {
		"1": "block/pointed_dripstone2",
		"particle": "block/pointed_dripstone2"
	},
	"elements": [
		{
			"from": [2, 0, 2],
			"to": [14, 2, 14],
			"rotation": {"angle": 0, "axis": "x", "origin": [8, 8, 8]},
			"faces": {
				"north": {"uv": [8.5, 12, 11.5, 12.5], "rotation": 180, "texture": "#1"},
				"east": {"uv": [8.5, 12, 11.5, 12.5], "rotation": 180, "texture": "#1"},
				"south": {"uv": [8.5, 12, 11.5, 12.5], "rotation": 180, "texture": "#1"},
				"west": {"uv": [8.5, 12, 11.5, 12.5], "rotation": 180, "texture": "#1"},
				"up": {"uv": [3.5, 0.5, 0.5, 3.5], "texture": "#1"},
				"down": {"uv": [3.5, 3.5, 0.5, 0.5], "texture": "#1"}
			}
		},
		{
			"from": [1, 2, 1],
			"to": [15, 11, 15],
			"rotation": {"angle": 0, "axis": "x", "origin": [8, 8, 8]},
			"faces": {
				"north": {"uv": [8.25, 12.5, 11.75, 14.75], "rotation": 180, "texture": "#1"},
				"east": {"uv": [8.25, 12.5, 11.75, 14.75], "rotation": 180, "texture": "#1"},
				"south": {"uv": [8.25, 12.5, 11.75, 14.75], "rotation": 180, "texture": "#1"},
				"west": {"uv": [8.25, 12.5, 11.75, 14.75], "rotation": 180, "texture": "#1"},
				"up": {"uv": [3.75, 0.25, 0.25, 3.75], "texture": "#1"},
				"down": {"uv": [3.75, 3.75, 0.25, 0.25], "texture": "#1"}
			}
		},
		{
			"from": [0, 11, 0],
			"to": [16, 16, 16],
			"rotation": {"angle": 0, "axis": "x", "origin": [8, 8, 8]},
			"faces": {
				"north": {"uv": [8, 14.75, 12, 16], "rotation": 180, "texture": "#1"},
				"east": {"uv": [8, 14.75, 12, 16], "rotation": 180, "texture": "#1"},
				"south": {"uv": [8, 14.75, 12, 16], "rotation": 180, "texture": "#1"},
				"west": {"uv": [8, 14.75, 12, 16], "rotation": 180, "texture": "#1"},
				"up": {"uv": [4, 0, 0, 4], "texture": "#1"},
				"down": {"uv": [4, 4, 0, 0], "texture": "#1"}
			}
		}
	]
}