{
	"credit": "Made with Blockbench",
	"textures": {
		"0": "block/flower_pot",
		"1": "block/dirt",
		"2": "block/red_mushroom",
		"particle": "block/flower_pot"
	},
	"elements": [
		{
			"from": [6, 0, 6],
			"to": [10, 4, 10],
			"faces": {
				"up": {"uv": [6, 6, 10, 10], "texture": "#1"},
				"down": {"uv": [6, 12, 10, 16], "texture": "#0", "cullface": "down"}
			}
		},
		{
			"from": [4, 8, 4],
			"to": [12, 13, 12],
			"faces": {
				"north": {"uv": [4, 0, 8, 2.5], "texture": "#2"},
				"east": {"uv": [4, 2.5, 8, 5], "texture": "#2"},
				"south": {"uv": [4, 5, 8, 7.5], "texture": "#2"},
				"west": {"uv": [4, 7.5, 8, 10], "texture": "#2"},
				"up": {"uv": [4, 4, 0, 0], "texture": "#2"},
				"down": {"uv": [4, 4, 0, 8], "texture": "#2"}
			}
		},
		{
			"from": [5, 0, 5],
			"to": [6, 6, 11],
			"faces": {
				"north": {"uv": [10, 10, 11, 16], "texture": "#0"},
				"east": {"uv": [5, 10, 11, 16], "texture": "#0"},
				"south": {"uv": [5, 10, 6, 16], "texture": "#0"},
				"west": {"uv": [5, 10, 11, 16], "texture": "#0"},
				"up": {"uv": [5, 5, 6, 11], "texture": "#0"},
				"down": {"uv": [5, 5, 6, 11], "texture": "#0", "cullface": "down"}
			}
		},
		{
			"from": [10, 0, 5],
			"to": [11, 6, 11],
			"faces": {
				"north": {"uv": [5, 10, 6, 16], "texture": "#0"},
				"east": {"uv": [5, 10, 11, 16], "texture": "#0"},
				"south": {"uv": [10, 10, 11, 16], "texture": "#0"},
				"west": {"uv": [5, 10, 11, 16], "texture": "#0"},
				"up": {"uv": [10, 5, 11, 11], "texture": "#0"},
				"down": {"uv": [10, 5, 11, 11], "texture": "#0", "cullface": "down"}
			}
		},
		{
			"from": [6, 0, 5],
			"to": [10, 6, 6],
			"faces": {
				"north": {"uv": [6, 10, 10, 16], "texture": "#0"},
				"south": {"uv": [6, 10, 10, 16], "texture": "#0"},
				"up": {"uv": [6, 5, 10, 6], "texture": "#0"},
				"down": {"uv": [6, 10, 10, 11], "texture": "#0", "cullface": "down"}
			}
		},
		{
			"from": [6, 0, 10],
			"to": [10, 6, 11],
			"faces": {
				"north": {"uv": [6, 10, 10, 16], "texture": "#0"},
				"south": {"uv": [6, 10, 10, 16], "texture": "#0"},
				"up": {"uv": [6, 10, 10, 11], "texture": "#0"},
				"down": {"uv": [6, 5, 10, 6], "texture": "#0", "cullface": "down"}
			}
		},
		{
			"from": [7, 4, 7],
			"to": [9, 8, 9],
			"faces": {
				"north": {"uv": [0, 8, 1, 10], "texture": "#2"},
				"east": {"uv": [8, 0, 9, 2], "texture": "#2"},
				"south": {"uv": [1, 8, 2, 10], "texture": "#2"},
				"west": {"uv": [8, 2, 9, 4], "texture": "#2"},
				"up": {"uv": [3, 9, 2, 8], "texture": "#2"},
				"down": {"uv": [4, 8, 3, 9], "texture": "#2"}
			}
		}
	]
}