{
	"credit": "Made with Blockbench",
	"textures": {
		"0": "block/dirt",
		"1": "block/flower_pot",
		"2": "block/crimson_fungus",
		"particle": "block/dirt"
	},
	"elements": [
		{
			"from": [7, 4, 7],
			"to": [9, 8, 9],
			"faces": {
				"north": {"uv": [8, 8, 9, 10], "texture": "#2"},
				"east": {"uv": [0, 9, 1, 11], "texture": "#2"},
				"south": {"uv": [1, 9, 2, 11], "texture": "#2"},
				"west": {"uv": [2, 9, 3, 11], "texture": "#2"},
				"up": {"uv": [4, 10, 3, 9], "texture": "#2"},
				"down": {"uv": [5, 9, 4, 10], "texture": "#2"}
			}
		},
		{
			"from": [6, 0, 5],
			"to": [10, 6, 6],
			"faces": {
				"north": {"uv": [6, 10, 10, 16], "texture": "#1"},
				"south": {"uv": [6, 10, 10, 16], "texture": "#1"},
				"up": {"uv": [6, 5, 10, 6], "texture": "#1"},
				"down": {"uv": [6, 10, 10, 11], "texture": "#1", "cullface": "down"}
			}
		},
		{
			"from": [10, 0, 5],
			"to": [11, 6, 11],
			"faces": {
				"north": {"uv": [5, 10, 6, 16], "texture": "#1"},
				"east": {"uv": [5, 10, 11, 16], "texture": "#1"},
				"south": {"uv": [10, 10, 11, 16], "texture": "#1"},
				"west": {"uv": [5, 10, 11, 16], "texture": "#1"},
				"up": {"uv": [10, 5, 11, 11], "texture": "#1"},
				"down": {"uv": [10, 5, 11, 11], "texture": "#1", "cullface": "down"}
			}
		},
		{
			"from": [5, 0, 5],
			"to": [6, 6, 11],
			"faces": {
				"north": {"uv": [10, 10, 11, 16], "texture": "#1"},
				"east": {"uv": [5, 10, 11, 16], "texture": "#1"},
				"south": {"uv": [5, 10, 6, 16], "texture": "#1"},
				"west": {"uv": [5, 10, 11, 16], "texture": "#1"},
				"up": {"uv": [5, 5, 6, 11], "texture": "#1"},
				"down": {"uv": [5, 5, 6, 11], "texture": "#1", "cullface": "down"}
			}
		},
		{
			"from": [6, 0, 6],
			"to": [10, 4, 10],
			"faces": {
				"up": {"uv": [6, 6, 10, 10], "texture": "#0"},
				"down": {"uv": [6, 12, 10, 16], "texture": "#1", "cullface": "down"}
			}
		},
		{
			"from": [6, 0, 10],
			"to": [10, 6, 11],
			"faces": {
				"north": {"uv": [6, 10, 10, 16], "texture": "#1"},
				"south": {"uv": [6, 10, 10, 16], "texture": "#1"},
				"up": {"uv": [6, 10, 10, 11], "texture": "#1"},
				"down": {"uv": [6, 5, 10, 6], "texture": "#1", "cullface": "down"}
			}
		},
		{
			"from": [4, 8, 4],
			"to": [12, 10, 12],
			"faces": {
				"north": {"uv": [7, 6, 11, 7], "texture": "#2"},
				"east": {"uv": [7, 7, 11, 8], "texture": "#2"},
				"south": {"uv": [0, 8, 4, 9], "texture": "#2"},
				"west": {"uv": [4, 8, 8, 9], "texture": "#2"},
				"up": {"uv": [4, 4, 0, 0], "texture": "#2"},
				"down": {"uv": [4, 4, 0, 8], "texture": "#2"}
			}
		},
		{
			"from": [5, 10, 5],
			"to": [11, 14, 11],
			"faces": {
				"north": {"uv": [4, 6, 7, 8], "texture": "#2"},
				"east": {"uv": [7, 0, 10, 2], "texture": "#2"},
				"south": {"uv": [7, 2, 10, 4], "texture": "#2"},
				"west": {"uv": [7, 4, 10, 6], "texture": "#2"},
				"up": {"uv": [7, 3, 4, 0], "texture": "#2"},
				"down": {"uv": [7, 3, 4, 6], "texture": "#2"}
			}
		}
	]
}