{
	"credit": "Made with Blockbench",
	"texture_size": [32, 32],
	"textures": {
		"1": "block/red_mushroom",
		"particle": "block/red_mushroom_particles"
	},
	"elements": [
		{
			"from": [7, 0, 7],
			"to": [9, 4, 9],
			"faces": {
				"north": {"uv": [0, 8, 1, 10], "texture": "#1"},
				"east": {"uv": [8, 0, 9, 2], "texture": "#1"},
				"south": {"uv": [1, 8, 2, 10], "texture": "#1"},
				"west": {"uv": [8, 2, 9, 4], "texture": "#1"},
				"up": {"uv": [3, 9, 2, 8], "texture": "#1"},
				"down": {"uv": [4, 8, 3, 9], "texture": "#1"}
			}
		},
		{
			"from": [4, 4, 4],
			"to": [12, 9, 12],
			"faces": {
				"north": {"uv": [4, 0, 8, 2.5], "texture": "#1"},
				"east": {"uv": [4, 2.5, 8, 5], "texture": "#1"},
				"south": {"uv": [4, 5, 8, 7.5], "texture": "#1"},
				"west": {"uv": [4, 7.5, 8, 10], "texture": "#1"},
				"up": {"uv": [4, 4, 0, 0], "texture": "#1"},
				"down": {"uv": [4, 4, 0, 8], "texture": "#1"}
			}
		}
	],
	"gui_light": "front",
	"display": {
		"thirdperson_righthand": {
			"translation": [0, 3, 1],
			"scale": [0.55, 0.55, 0.55]
		},
		"thirdperson_lefthand": {
			"translation": [0, 3, 1],
			"scale": [0.55, 0.55, 0.55]
		},
		"firstperson_righthand": {
			"rotation": [0, -57, -9.25],
			"translation": [1.13, 3.2, 1.13],
			"scale": [0.68, 0.68, 0.68]
		},
		"firstperson_lefthand": {
			"rotation": [0, -57, -9.25],
			"translation": [1.13, 3.2, 1.13],
			"scale": [0.68, 0.68, 0.68]
		},
		"ground": {
			"translation": [0, 2, 0],
			"scale": [0.5, 0.5, 0.5]
		},
		"gui": {
			"rotation": [30, 225, 0],
			"scale": [0.625, 0.625, 0.625]
		},
		"head": {
			"rotation": [162.5, 0, 154],
			"translation": [-6.25, 12.5, -5.75]
		},
		"fixed": {
			"rotation": [-90, 0, 0],
			"translation": [0, 0, -16],
			"scale": [2, 2, 2]
		}
	}
}