{
	"credit": "Made with Blockbench",
	"texture_size": [32, 32],
	"textures": {
		"0": "block/small_amethyst_bud",
		"particle": "block/small_amethyst_bud"
	},
	"elements": [
		{
			"from": [6, 0, 6],
			"to": [10, 5, 10],
			"faces": {
				"north": {"uv": [0, 0, 2, 2.5], "texture": "#0"},
				"east": {"uv": [2, 0, 4, 2.5], "texture": "#0"},
				"south": {"uv": [0, 2.5, 2, 5], "texture": "#0"},
				"west": {"uv": [2, 2.5, 4, 5], "texture": "#0"},
				"up": {"uv": [6, 2, 4, 0], "texture": "#0"},
				"down": {"uv": [6, 2, 4, 4], "texture": "#0"}
			}
		},
		{
			"from": [6.5, 0, 9],
			"to": [9.5, 3, 12],
			"rotation": {"angle": 22.5, "axis": "x", "origin": [8, 0, 9]},
			"faces": {
				"north": {"uv": [1.5, 7, 3, 8.5], "texture": "#0"},
				"east": {"uv": [7, 4, 8.5, 5.5], "texture": "#0"},
				"south": {"uv": [7.5, 0, 9, 1.5], "texture": "#0"},
				"west": {"uv": [7.5, 1.5, 9, 3], "texture": "#0"},
				"up": {"uv": [9, 7, 7.5, 5.5], "texture": "#0"},
				"down": {"uv": [7.5, 7.5, 6, 9], "texture": "#0"}
			}
		},
		{
			"from": [6.5, 0, 4],
			"to": [9.5, 3, 7],
			"rotation": {"angle": -22.5, "axis": "x", "origin": [8, 0, 7]},
			"faces": {
				"north": {"uv": [7.5, 7, 9, 8.5], "texture": "#0"},
				"east": {"uv": [3, 8, 4.5, 9.5], "texture": "#0"},
				"south": {"uv": [4.5, 8, 6, 9.5], "texture": "#0"},
				"west": {"uv": [0, 8.5, 1.5, 10], "texture": "#0"},
				"up": {"uv": [3, 10, 1.5, 8.5], "texture": "#0"},
				"down": {"uv": [10, 3, 8.5, 4.5], "texture": "#0"}
			}
		},
		{
			"from": [4, 0, 6.5],
			"to": [7, 4, 9.5],
			"rotation": {"angle": 22.5, "axis": "z", "origin": [7, 0, 8]},
			"faces": {
				"north": {"uv": [6, 0, 7.5, 2], "texture": "#0"},
				"east": {"uv": [6, 2, 7.5, 4], "texture": "#0"},
				"south": {"uv": [3, 6, 4.5, 8], "texture": "#0"},
				"west": {"uv": [4.5, 6, 6, 8], "texture": "#0"},
				"up": {"uv": [9, 10, 7.5, 8.5], "texture": "#0"},
				"down": {"uv": [10.5, 0, 9, 1.5], "texture": "#0"}
			}
		},
		{
			"from": [9, 0, 6.5],
			"to": [12, 4, 9.5],
			"rotation": {"angle": -22.5, "axis": "z", "origin": [9, 0, 8]},
			"faces": {
				"north": {"uv": [4, 4, 5.5, 6], "texture": "#0"},
				"east": {"uv": [0, 5, 1.5, 7], "texture": "#0"},
				"south": {"uv": [1.5, 5, 3, 7], "texture": "#0"},
				"west": {"uv": [5.5, 4, 7, 6], "texture": "#0"},
				"up": {"uv": [7.5, 7.5, 6, 6], "texture": "#0"},
				"down": {"uv": [1.5, 7, 0, 8.5], "texture": "#0"}
			}
		}
	],
	"gui_light": "front",
	"display": {
		"thirdperson_righthand": {
			"rotation": [75, 45, 0],
			"translation": [0, 2, 3],
			"scale": [0.375, 0.375, 0.375]
		},
		"thirdperson_lefthand": {
			"rotation": [75, 45, 0],
			"translation": [0, 2, 3],
			"scale": [0.375, 0.375, 0.375]
		},
		"firstperson_righthand": {
			"rotation": [0, 45, 0],
			"translation": [0, 3, 0],
			"scale": [0.4, 0.4, 0.4]
		},
		"firstperson_lefthand": {
			"rotation": [0, 225, 0],
			"translation": [0, 3, 0],
			"scale": [0.4, 0.4, 0.4]
		},
		"ground": {
			"translation": [0, 2, 0],
			"scale": [0.5, 0.5, 0.5]
		},
		"gui": {
			"rotation": [30, 225, 0],
			"scale": [0.625, 0.625, 0.625]
		},
		"head": {
			"rotation": [-17.75, 0, 26],
			"translation": [-7.75, 12.75, -5.75]
		},
		"fixed": {
			"rotation": [0, 180, 0]
		}
	}
}