{
	"credit": "Made with Blockbench",
	"textures": {
		"1": "block/snow_side",
		"particle": "block/snow",
		"texture": "block/snow"
	},
	"elements": [
		{
			"from": [0, 0, 0],
			"to": [16, 14, 16],
			"faces": {
				"north": {"uv": [0, 2, 16, 16], "texture": "#texture", "cullface": "north"},
				"east": {"uv": [0, 2, 16, 16], "texture": "#texture", "cullface": "east"},
				"south": {"uv": [0, 2, 16, 16], "texture": "#texture", "cullface": "south"},
				"west": {"uv": [0, 2, 16, 16], "texture": "#texture", "cullface": "west"},
				"up": {"uv": [0, 0, 16, 16], "texture": "#texture"},
				"down": {"uv": [0, 0, 16, 16], "texture": "#texture", "cullface": "down"}
			}
		},
		{
			"from": [0, -4, 16.01],
			"to": [16, 0, 16.01],
			"faces": {
				"north": {"uv": [0, 0, 16, 4], "texture": "#1"},
				"east": {"uv": [0, 0, 0, 6], "texture": "#1"},
				"south": {"uv": [16, 0, 0, 4], "texture": "#1"},
				"west": {"uv": [0, 0, 0, 6], "texture": "#1"},
				"up": {"uv": [0, 0, 16, 0], "texture": "#1"},
				"down": {"uv": [0, 0, 16, 0], "texture": "#1"}
			}
		},
		{
			"from": [1, -5, 16.01],
			"to": [9, -4, 16.01],
			"faces": {
				"north": {"uv": [1, 4, 9, 5], "texture": "#1"},
				"east": {"uv": [0, 0, 0, 6], "texture": "#1"},
				"south": {"uv": [9, 4, 1, 5], "texture": "#1"},
				"west": {"uv": [0, 0, 0, 6], "texture": "#1"},
				"up": {"uv": [0, 0, 16, 0], "texture": "#1"},
				"down": {"uv": [0, 0, 16, 0], "texture": "#1"}
			}
		},
		{
			"from": [3, -6, 16.01],
			"to": [4, -5, 16.01],
			"faces": {
				"north": {"uv": [3, 5, 4, 6], "texture": "#1"},
				"east": {"uv": [0, 0, 0, 6], "texture": "#1"},
				"south": {"uv": [4, 5, 3, 6], "texture": "#1"},
				"west": {"uv": [0, 0, 0, 6], "texture": "#1"},
				"up": {"uv": [0, 0, 16, 0], "texture": "#1"},
				"down": {"uv": [0, 0, 16, 0], "texture": "#1"}
			}
		},
		{
			"from": [6, -6, 16.01],
			"to": [8, -5, 16.01],
			"faces": {
				"north": {"uv": [6, 5, 8, 6], "texture": "#1"},
				"east": {"uv": [0, 0, 0, 6], "texture": "#1"},
				"south": {"uv": [8, 5, 6, 6], "texture": "#1"},
				"west": {"uv": [0, 0, 0, 6], "texture": "#1"},
				"up": {"uv": [0, 0, 16, 0], "texture": "#1"},
				"down": {"uv": [0, 0, 16, 0], "texture": "#1"}
			}
		},
		{
			"from": [10, -5, 16.01],
			"to": [14, -4, 16.01],
			"faces": {
				"north": {"uv": [10, 4, 14, 5], "texture": "#1"},
				"east": {"uv": [0, 0, 0, 6], "texture": "#1"},
				"south": {"uv": [14, 4, 10, 5], "texture": "#1"},
				"west": {"uv": [0, 0, 0, 6], "texture": "#1"},
				"up": {"uv": [0, 0, 16, 0], "texture": "#1"},
				"down": {"uv": [0, 0, 16, 0], "texture": "#1"}
			}
		},
		{
			"from": [10, -6, 16.01],
			"to": [13, -5, 16.01],
			"faces": {
				"north": {"uv": [10, 5, 13, 6], "texture": "#1"},
				"east": {"uv": [0, 0, 0, 6], "texture": "#1"},
				"south": {"uv": [13, 5, 10, 6], "texture": "#1"},
				"west": {"uv": [0, 0, 0, 6], "texture": "#1"},
				"up": {"uv": [0, 0, 16, 0], "texture": "#1"},
				"down": {"uv": [0, 0, 16, 0], "texture": "#1"}
			}
		},
		{
			"from": [-0.01, -4, 0],
			"to": [-0.01, 0, 16],
			"rotation": {"angle": 0, "axis": "y", "origin": [8, 0, 8]},
			"faces": {
				"north": {"uv": [0, 0, 0, 6], "texture": "#1"},
				"east": {"uv": [0, 0, 16, 4], "texture": "#1"},
				"south": {"uv": [0, 0, 0, 6], "texture": "#1"},
				"west": {"uv": [16, 0, 0, 4], "texture": "#1"},
				"up": {"uv": [0, 0, 16, 0], "rotation": 90, "texture": "#1"},
				"down": {"uv": [0, 0, 16, 0], "rotation": 270, "texture": "#1"}
			}
		},
		{
			"from": [-0.01, -5, 1],
			"to": [-0.01, -4, 9],
			"rotation": {"angle": 0, "axis": "y", "origin": [8, 0, 8]},
			"faces": {
				"north": {"uv": [0, 0, 0, 6], "texture": "#1"},
				"east": {"uv": [1, 4, 9, 5], "texture": "#1"},
				"south": {"uv": [0, 0, 0, 6], "texture": "#1"},
				"west": {"uv": [9, 4, 1, 5], "texture": "#1"},
				"up": {"uv": [0, 0, 16, 0], "rotation": 90, "texture": "#1"},
				"down": {"uv": [0, 0, 16, 0], "rotation": 270, "texture": "#1"}
			}
		},
		{
			"from": [-0.01, -6, 3],
			"to": [-0.01, -5, 4],
			"rotation": {"angle": 0, "axis": "y", "origin": [8, 0, 8]},
			"faces": {
				"north": {"uv": [0, 0, 0, 6], "texture": "#1"},
				"east": {"uv": [3, 5, 4, 6], "texture": "#1"},
				"south": {"uv": [0, 0, 0, 6], "texture": "#1"},
				"west": {"uv": [4, 5, 3, 6], "texture": "#1"},
				"up": {"uv": [0, 0, 16, 0], "rotation": 90, "texture": "#1"},
				"down": {"uv": [0, 0, 16, 0], "rotation": 270, "texture": "#1"}
			}
		},
		{
			"from": [-0.01, -6, 6],
			"to": [-0.01, -5, 8],
			"rotation": {"angle": 0, "axis": "y", "origin": [8, 0, 8]},
			"faces": {
				"north": {"uv": [0, 0, 0, 6], "texture": "#1"},
				"east": {"uv": [6, 5, 8, 6], "texture": "#1"},
				"south": {"uv": [0, 0, 0, 6], "texture": "#1"},
				"west": {"uv": [8, 5, 6, 6], "texture": "#1"},
				"up": {"uv": [0, 0, 16, 0], "rotation": 90, "texture": "#1"},
				"down": {"uv": [0, 0, 16, 0], "rotation": 270, "texture": "#1"}
			}
		},
		{
			"from": [-0.01, -5, 10],
			"to": [-0.01, -4, 14],
			"rotation": {"angle": 0, "axis": "y", "origin": [8, 0, 8]},
			"faces": {
				"north": {"uv": [0, 0, 0, 6], "texture": "#1"},
				"east": {"uv": [10, 4, 14, 5], "texture": "#1"},
				"south": {"uv": [0, 0, 0, 6], "texture": "#1"},
				"west": {"uv": [14, 4, 10, 5], "texture": "#1"},
				"up": {"uv": [0, 0, 16, 0], "rotation": 90, "texture": "#1"},
				"down": {"uv": [0, 0, 16, 0], "rotation": 270, "texture": "#1"}
			}
		},
		{
			"from": [-0.01, -6, 10],
			"to": [-0.01, -5, 13],
			"rotation": {"angle": 0, "axis": "y", "origin": [8, 0, 8]},
			"faces": {
				"north": {"uv": [0, 0, 0, 6], "texture": "#1"},
				"east": {"uv": [10, 5, 13, 6], "texture": "#1"},
				"south": {"uv": [0, 0, 0, 6], "texture": "#1"},
				"west": {"uv": [13, 5, 10, 6], "texture": "#1"},
				"up": {"uv": [0, 0, 16, 0], "rotation": 90, "texture": "#1"},
				"down": {"uv": [0, 0, 16, 0], "rotation": 270, "texture": "#1"}
			}
		},
		{
			"from": [16.01, -4, 0],
			"to": [16.01, 0, 16],
			"rotation": {"angle": 0, "axis": "y", "origin": [8, 0, 8]},
			"faces": {
				"north": {"uv": [0, 0, 0, 6], "texture": "#1"},
				"east": {"uv": [16, 0, 0, 4], "texture": "#1"},
				"south": {"uv": [0, 0, 0, 6], "texture": "#1"},
				"west": {"uv": [0, 0, 16, 4], "texture": "#1"},
				"up": {"uv": [0, 0, 16, 0], "rotation": 270, "texture": "#1"},
				"down": {"uv": [0, 0, 16, 0], "rotation": 90, "texture": "#1"}
			}
		},
		{
			"from": [16.01, -5, 7],
			"to": [16.01, -4, 15],
			"rotation": {"angle": 0, "axis": "y", "origin": [8, 0, 8]},
			"faces": {
				"north": {"uv": [0, 0, 0, 6], "texture": "#1"},
				"east": {"uv": [9, 4, 1, 5], "texture": "#1"},
				"south": {"uv": [0, 0, 0, 6], "texture": "#1"},
				"west": {"uv": [1, 4, 9, 5], "texture": "#1"},
				"up": {"uv": [0, 0, 16, 0], "rotation": 270, "texture": "#1"},
				"down": {"uv": [0, 0, 16, 0], "rotation": 90, "texture": "#1"}
			}
		},
		{
			"from": [16.01, -6, 12],
			"to": [16.01, -5, 13],
			"rotation": {"angle": 0, "axis": "y", "origin": [8, 0, 8]},
			"faces": {
				"north": {"uv": [0, 0, 0, 6], "texture": "#1"},
				"east": {"uv": [4, 5, 3, 6], "texture": "#1"},
				"south": {"uv": [0, 0, 0, 6], "texture": "#1"},
				"west": {"uv": [3, 5, 4, 6], "texture": "#1"},
				"up": {"uv": [0, 0, 16, 0], "rotation": 270, "texture": "#1"},
				"down": {"uv": [0, 0, 16, 0], "rotation": 90, "texture": "#1"}
			}
		},
		{
			"from": [16.01, -6, 8],
			"to": [16.01, -5, 10],
			"rotation": {"angle": 0, "axis": "y", "origin": [8, 0, 8]},
			"faces": {
				"north": {"uv": [0, 0, 0, 6], "texture": "#1"},
				"east": {"uv": [8, 5, 6, 6], "texture": "#1"},
				"south": {"uv": [0, 0, 0, 6], "texture": "#1"},
				"west": {"uv": [6, 5, 8, 6], "texture": "#1"},
				"up": {"uv": [0, 0, 16, 0], "rotation": 270, "texture": "#1"},
				"down": {"uv": [0, 0, 16, 0], "rotation": 90, "texture": "#1"}
			}
		},
		{
			"from": [16.01, -5, 2],
			"to": [16.01, -4, 6],
			"rotation": {"angle": 0, "axis": "y", "origin": [8, 0, 8]},
			"faces": {
				"north": {"uv": [0, 0, 0, 6], "texture": "#1"},
				"east": {"uv": [14, 4, 10, 5], "texture": "#1"},
				"south": {"uv": [0, 0, 0, 6], "texture": "#1"},
				"west": {"uv": [10, 4, 14, 5], "texture": "#1"},
				"up": {"uv": [0, 0, 16, 0], "rotation": 270, "texture": "#1"},
				"down": {"uv": [0, 0, 16, 0], "rotation": 90, "texture": "#1"}
			}
		},
		{
			"from": [16.01, -6, 3],
			"to": [16.01, -5, 6],
			"rotation": {"angle": 0, "axis": "y", "origin": [8, 0, 8]},
			"faces": {
				"north": {"uv": [0, 0, 0, 6], "texture": "#1"},
				"east": {"uv": [13, 5, 10, 6], "texture": "#1"},
				"south": {"uv": [0, 0, 0, 6], "texture": "#1"},
				"west": {"uv": [10, 5, 13, 6], "texture": "#1"},
				"up": {"uv": [0, 0, 16, 0], "rotation": 270, "texture": "#1"},
				"down": {"uv": [0, 0, 16, 0], "rotation": 90, "texture": "#1"}
			}
		},
		{
			"from": [0, -4, -0.01],
			"to": [16, 0, -0.01],
			"rotation": {"angle": 0, "axis": "y", "origin": [8, 0, 8]},
			"faces": {
				"north": {"uv": [16, 0, 0, 4], "texture": "#1"},
				"east": {"uv": [0, 0, 0, 6], "texture": "#1"},
				"south": {"uv": [0, 0, 16, 4], "texture": "#1"},
				"west": {"uv": [0, 0, 0, 6], "texture": "#1"},
				"up": {"uv": [0, 0, 16, 0], "rotation": 180, "texture": "#1"},
				"down": {"uv": [0, 0, 16, 0], "rotation": 180, "texture": "#1"}
			}
		},
		{
			"from": [7, -5, -0.01],
			"to": [15, -4, -0.01],
			"rotation": {"angle": 0, "axis": "y", "origin": [8, 0, 8]},
			"faces": {
				"north": {"uv": [9, 4, 1, 5], "texture": "#1"},
				"east": {"uv": [0, 0, 0, 6], "texture": "#1"},
				"south": {"uv": [1, 4, 9, 5], "texture": "#1"},
				"west": {"uv": [0, 0, 0, 6], "texture": "#1"},
				"up": {"uv": [0, 0, 16, 0], "rotation": 180, "texture": "#1"},
				"down": {"uv": [0, 0, 16, 0], "rotation": 180, "texture": "#1"}
			}
		},
		{
			"from": [12, -6, -0.01],
			"to": [13, -5, -0.01],
			"rotation": {"angle": 0, "axis": "y", "origin": [8, 0, 8]},
			"faces": {
				"north": {"uv": [4, 5, 3, 6], "texture": "#1"},
				"east": {"uv": [0, 0, 0, 6], "texture": "#1"},
				"south": {"uv": [3, 5, 4, 6], "texture": "#1"},
				"west": {"uv": [0, 0, 0, 6], "texture": "#1"},
				"up": {"uv": [0, 0, 16, 0], "rotation": 180, "texture": "#1"},
				"down": {"uv": [0, 0, 16, 0], "rotation": 180, "texture": "#1"}
			}
		},
		{
			"from": [8, -6, -0.01],
			"to": [10, -5, -0.01],
			"rotation": {"angle": 0, "axis": "y", "origin": [8, 0, 8]},
			"faces": {
				"north": {"uv": [8, 5, 6, 6], "texture": "#1"},
				"east": {"uv": [0, 0, 0, 6], "texture": "#1"},
				"south": {"uv": [6, 5, 8, 6], "texture": "#1"},
				"west": {"uv": [0, 0, 0, 6], "texture": "#1"},
				"up": {"uv": [0, 0, 16, 0], "rotation": 180, "texture": "#1"},
				"down": {"uv": [0, 0, 16, 0], "rotation": 180, "texture": "#1"}
			}
		},
		{
			"from": [2, -5, -0.01],
			"to": [6, -4, -0.01],
			"rotation": {"angle": 0, "axis": "y", "origin": [8, 0, 8]},
			"faces": {
				"north": {"uv": [14, 4, 10, 5], "texture": "#1"},
				"east": {"uv": [0, 0, 0, 6], "texture": "#1"},
				"south": {"uv": [10, 4, 14, 5], "texture": "#1"},
				"west": {"uv": [0, 0, 0, 6], "texture": "#1"},
				"up": {"uv": [0, 0, 16, 0], "rotation": 180, "texture": "#1"},
				"down": {"uv": [0, 0, 16, 0], "rotation": 180, "texture": "#1"}
			}
		},
		{
			"from": [3, -6, -0.01],
			"to": [6, -5, -0.01],
			"rotation": {"angle": 0, "axis": "y", "origin": [8, 0, 8]},
			"faces": {
				"north": {"uv": [13, 5, 10, 6], "texture": "#1"},
				"east": {"uv": [0, 0, 0, 6], "texture": "#1"},
				"south": {"uv": [10, 5, 13, 6], "texture": "#1"},
				"west": {"uv": [0, 0, 0, 6], "texture": "#1"},
				"up": {"uv": [0, 0, 16, 0], "rotation": 180, "texture": "#1"},
				"down": {"uv": [0, 0, 16, 0], "rotation": 180, "texture": "#1"}
			}
		}
	],
	"groups": [
		0,
		{
			"name": "sides",
			"origin": [0, 0, 0],
			"color": 0,
			"children": [
				{
					"name": "side",
					"origin": [0, 0, 0],
					"color": 0,
					"children": [1, 2, 3, 4, 5, 6]
				},
				{
					"name": "side",
					"origin": [0, 0, 0],
					"color": 0,
					"children": [7, 8, 9, 10, 11, 12]
				},
				{
					"name": "side",
					"origin": [0, 0, 0],
					"color": 0,
					"children": [13, 14, 15, 16, 17, 18]
				},
				{
					"name": "side",
					"origin": [0, 0, 0],
					"color": 0,
					"children": [19, 20, 21, 22, 23, 24]
				}
			]
		}
	]
}