{
	"credit": "Made with Blockbench",
	"ambientocclusion": false,
	"textures": {
		"0": "block/sunflower_top_3",
		"1": "block/sunflower_back_5",
		"3": "block/sunflower_back_4",
		"4": "block/sunflower_back_6",
		"5": "block/sunflower_front_4",
		"6": "block/sunflower_front_6",
		"7": "block/sunflower_front_5",
		"8": "block/sunflower_back_3",
		"9": "block/sunflower_front_3",
		"particle": "block/sunflower_top_3"
	},
	"elements": [
		{
			"from": [8, 0, 0.8],
			"to": [8, 10, 15.2],
			"shade": false,
			"rotation": {"angle": 45, "axis": "y", "origin": [8, 10, 8], "rescale": true},
			"faces": {
				"north": {"uv": [0, 1, 0, 0], "texture": "#0"},
				"east": {"uv": [0, 6, 16, 16], "texture": "#0"},
				"south": {"uv": [0, 1, 0, 0], "texture": "#0"},
				"west": {"uv": [0, 6, 16, 16], "texture": "#0"},
				"up": {"uv": [0, 0, 0, 0], "texture": "#0"},
				"down": {"uv": [0, 0, 0, 0], "texture": "#0"}
			}
		},
		{
			"from": [0.8, 0, 8],
			"to": [15.2, 10, 8],
			"shade": false,
			"rotation": {"angle": 45, "axis": "y", "origin": [8, 10, 8], "rescale": true},
			"faces": {
				"north": {"uv": [0, 6, 16, 16], "texture": "#0"},
				"east": {"uv": [0, 1, 0, 0], "texture": "#0"},
				"south": {"uv": [0, 6, 16, 16], "texture": "#0"},
				"west": {"uv": [0, 1, 0, 0], "texture": "#0"},
				"up": {"uv": [0, 0, 0, 0], "texture": "#0"},
				"down": {"uv": [0, 0, 0, 0], "texture": "#0"}
			}
		},
		{
			"from": [9.6, 2.5, 0.5],
			"to": [9.6, 18.5, 16.5],
			"shade": false,
			"rotation": {"angle": 22.5, "axis": "z", "origin": [8, 9.5, 8]},
			"faces": {
				"east": {"uv": [0, 0, 16, 16], "texture": "#7"},
				"west": {"uv": [0, 0, 16, 16], "texture": "#1"}
			}
		},
		{
			"from": [10.6, -6.5, 3.5],
			"to": [10.6, 9.5, 19.5],
			"shade": false,
			"rotation": {"angle": 22.5, "axis": "z", "origin": [9, 0.5, 11]},
			"faces": {
				"east": {"uv": [0, 0, 16, 16], "texture": "#5"},
				"west": {"uv": [0, 0, 16, 16], "texture": "#3"}
			}
		},
		{
			"from": [10.6, -9.5, -1.5],
			"to": [10.6, 6.5, 14.5],
			"shade": false,
			"rotation": {"angle": 22.5, "axis": "z", "origin": [9, -2.5, 6]},
			"faces": {
				"east": {"uv": [0, 0, 16, 16], "texture": "#6"},
				"west": {"uv": [0, 0, 16, 16], "texture": "#4"}
			}
		},
		{
			"from": [10.6, -15.5, 1.5],
			"to": [10.6, 0.5, 17.5],
			"shade": false,
			"rotation": {"angle": 22.5, "axis": "z", "origin": [9, -8.5, 12]},
			"faces": {
				"east": {"uv": [0, 0, 16, 16], "texture": "#9"},
				"west": {"uv": [0, 0, 16, 16], "texture": "#8"}
			}
		}
	]
}