{
	"credit": "Made with Blockbench",
	"ambientocclusion": false,
	"textures": {
		"0": "block/sunflower_front_5",
		"1": "block/sunflower_back_5",
		"2": "block/sunflower_top_4",
		"particle": "block/sunflower_front_5"
	},
	"elements": [
		{
			"from": [9.6, -1, 0.5],
			"to": [9.6, 15, 16.5],
			"shade": false,
			"rotation": {"angle": 22.5, "axis": "z", "origin": [8, 6, 8]},
			"faces": {
				"east": {"uv": [0, 0, 16, 16], "texture": "#0"},
				"west": {"uv": [0, 0, 16, 16], "texture": "#1"}
			}
		},
		{
			"from": [0.8, 0, 8],
			"to": [15.2, 6, 8],
			"shade": false,
			"rotation": {"angle": 45, "axis": "y", "origin": [8, 6, 8], "rescale": true},
			"faces": {
				"north": {"uv": [0, 9, 16, 15], "texture": "#2"},
				"east": {"uv": [0, 1, 0, 0], "texture": "#2"},
				"south": {"uv": [0, 9, 16, 15], "texture": "#2"},
				"west": {"uv": [0, 1, 0, 0], "texture": "#2"},
				"up": {"uv": [0, 0, 0, 0], "texture": "#2"},
				"down": {"uv": [0, 0, 0, 0], "texture": "#2"}
			}
		},
		{
			"from": [8, 0, 0.8],
			"to": [8, 6, 15.2],
			"shade": false,
			"rotation": {"angle": 45, "axis": "y", "origin": [8, 6, 8], "rescale": true},
			"faces": {
				"north": {"uv": [0, 1, 0, 0], "texture": "#2"},
				"east": {"uv": [0, 9, 16, 15], "texture": "#2"},
				"south": {"uv": [0, 1, 0, 0], "texture": "#2"},
				"west": {"uv": [0, 9, 16, 15], "texture": "#2"},
				"up": {"uv": [0, 0, 0, 0], "texture": "#2"},
				"down": {"uv": [0, 0, 0, 0], "texture": "#2"}
			}
		}
	]
}