{
	"credit": "Made with Blockbench",
	"ambientocclusion": false,
	"textures": {
		"0": "block/sunflower_back",
		"1": "block/sunflower_back_3",
		"2": "block/sunflower_front",
		"3": "block/sunflower_front_3",
		"4": "block/sunflower_top_3",
		"5": "block/sunflower_back_4",
		"6": "block/sunflower_front_4",
		"particle": "block/sunflower_front"
	},
	"elements": [
		{
			"from": [9.6, 1, 0],
			"to": [9.6, 17, 16],
			"shade": false,
			"rotation": {"angle": 22.5, "axis": "z", "origin": [8, 8, 8]},
			"faces": {
				"east": {"uv": [0, 0, 16, 16], "texture": "#2"},
				"west": {"uv": [0, 0, 16, 16], "texture": "#0"}
			}
		},
		{
			"from": [0.8, 0, 8],
			"to": [15.2, 8, 8],
			"shade": false,
			"rotation": {"angle": 45, "axis": "y", "origin": [8, 8, 8], "rescale": true},
			"faces": {
				"north": {"uv": [0, 8, 16, 16], "texture": "#4"},
				"east": {"uv": [0, 0, 0, 0], "texture": "#4"},
				"south": {"uv": [0, 8, 16, 16], "texture": "#4"},
				"west": {"uv": [0, 0, 0, 0], "texture": "#4"},
				"up": {"uv": [0, 0, 0, 0], "texture": "#4"},
				"down": {"uv": [0, 0, 0, 0], "texture": "#4"}
			}
		},
		{
			"from": [8, 0, 0.8],
			"to": [8, 8, 15.2],
			"shade": false,
			"rotation": {"angle": 45, "axis": "y", "origin": [8, 8, 8], "rescale": true},
			"faces": {
				"north": {"uv": [0, 0, 0, 0], "texture": "#4"},
				"east": {"uv": [0, 8, 16, 16], "texture": "#4"},
				"south": {"uv": [0, 0, 0, 0], "texture": "#4"},
				"west": {"uv": [0, 8, 16, 16], "texture": "#4"},
				"up": {"uv": [0, 0, 0, 0], "texture": "#4"},
				"down": {"uv": [0, 0, 0, 0], "texture": "#4"}
			}
		},
		{
			"from": [10.6, -7, 2],
			"to": [10.6, 9, 18],
			"shade": false,
			"rotation": {"angle": 22.5, "axis": "z", "origin": [9, 0, 10]},
			"faces": {
				"east": {"uv": [0, 0, 16, 16], "texture": "#3"},
				"west": {"uv": [0, 0, 16, 16], "texture": "#1"}
			}
		},
		{
			"from": [10.6, -12, -3],
			"to": [10.6, 4, 13],
			"shade": false,
			"rotation": {"angle": 22.5, "axis": "z", "origin": [9, -5, 10]},
			"faces": {
				"east": {"uv": [0, 0, 16, 16], "texture": "#6"},
				"west": {"uv": [0, 0, 16, 16], "texture": "#5"}
			}
		}
	]
}