{
	"credit": "Made with Blockbench",
	"ambientocclusion": false,
	"textures": {
		"1": "block/sunflower_back_2",
		"2": "block/sunflower_top_2",
		"3": "block/sunflower_front_2",
		"particle": "block/sunflower_back_2"
	},
	"elements": [
		{
			"from": [0.8, 0, 8],
			"to": [15.2, 11, 8],
			"shade": false,
			"rotation": {"angle": 45, "axis": "y", "origin": [8, 12, 8], "rescale": true},
			"faces": {
				"north": {"uv": [0, 5, 16, 16], "texture": "#2"},
				"east": {"uv": [0, 0, 0, 1], "texture": "#2"},
				"south": {"uv": [0, 5, 16, 16], "texture": "#2"},
				"west": {"uv": [0, 0, 0, 1], "texture": "#2"},
				"up": {"uv": [0, 0, 0, 0], "texture": "#2"},
				"down": {"uv": [0, 0, 0, 0], "texture": "#2"}
			}
		},
		{
			"from": [8, 0, 0.8],
			"to": [8, 11, 15.2],
			"shade": false,
			"rotation": {"angle": 45, "axis": "y", "origin": [8, 12, 8], "rescale": true},
			"faces": {
				"north": {"uv": [0, 0, 0, 1], "texture": "#2"},
				"east": {"uv": [0, 5, 16, 16], "texture": "#2"},
				"south": {"uv": [0, 0, 0, 1], "texture": "#2"},
				"west": {"uv": [0, 5, 16, 16], "texture": "#2"},
				"up": {"uv": [0, 0, 0, 0], "texture": "#2"},
				"down": {"uv": [0, 0, 0, 0], "texture": "#2"}
			}
		},
		{
			"from": [9.6, 4, 0],
			"to": [9.6, 20, 16],
			"shade": false,
			"rotation": {"angle": 22.5, "axis": "z", "origin": [8, 11, 8]},
			"faces": {
				"east": {"uv": [0, 0, 16, 16], "texture": "#3"},
				"west": {"uv": [0, 0, 16, 16], "texture": "#1"}
			}
		}
	]
}