{
	"credit": "Made with Blockbench",
	"textures": {
		"0": "block/sweet_berry_stage1",
		"1": "block/sweet_berry_bush_sides",
		"particle": "block/sweet_berry_stage1"
	},
	"elements": [
		{
			"from": [4, 0, 4],
			"to": [12, 8, 12],
			"faces": {
				"north": {"uv": [0, 0, 8, 8], "texture": "#0"},
				"east": {"uv": [0, 0, 8, 8], "texture": "#0"},
				"south": {"uv": [0, 0, 8, 8], "texture": "#0"},
				"west": {"uv": [0, 0, 8, 8], "texture": "#0"},
				"up": {"uv": [0, 0, 8, 8], "texture": "#0"},
				"down": {"uv": [0, 0, 8, 8], "texture": "#0"}
			}
		},
		{
			"from": [3, -3, 8],
			"to": [13, 0, 8],
			"rotation": {"angle": 45, "axis": "y", "origin": [8, -7, 8]},
			"faces": {
				"north": {"uv": [0, 0, 10, 3], "texture": "#1"},
				"east": {"uv": [0, 0, 0, 3], "texture": "#1"},
				"south": {"uv": [0, 0, 10, 3], "texture": "#1"},
				"west": {"uv": [0, 0, 0, 3], "texture": "#1"},
				"up": {"uv": [10, 0, 0, 0], "texture": "#1"},
				"down": {"uv": [10, 0, 0, 0], "texture": "#1"}
			}
		},
		{
			"from": [3, 8, 8],
			"to": [13, 11, 8],
			"rotation": {"angle": -45, "axis": "y", "origin": [8, 4, 8]},
			"faces": {
				"north": {"uv": [10, 3, 0, 0], "texture": "#1"},
				"east": {"uv": [0, 0, 0, 3], "texture": "#1"},
				"south": {"uv": [10, 3, 0, 0], "texture": "#1"},
				"west": {"uv": [0, 0, 0, 3], "texture": "#1"},
				"up": {"uv": [10, 0, 0, 0], "rotation": 180, "texture": "#1"},
				"down": {"uv": [10, 0, 0, 0], "rotation": 180, "texture": "#1"}
			}
		},
		{
			"from": [3, 8, 8],
			"to": [13, 11, 8],
			"rotation": {"angle": 45, "axis": "y", "origin": [8, 4, 8]},
			"faces": {
				"north": {"uv": [10, 3, 0, 0], "texture": "#1"},
				"east": {"uv": [0, 0, 0, 3], "texture": "#1"},
				"south": {"uv": [10, 3, 0, 0], "texture": "#1"},
				"west": {"uv": [0, 0, 0, 3], "texture": "#1"},
				"up": {"uv": [10, 0, 0, 0], "texture": "#1"},
				"down": {"uv": [10, 0, 0, 0], "texture": "#1"}
			}
		},
		{
			"from": [3, -3, 8],
			"to": [13, 0, 8],
			"rotation": {"angle": -45, "axis": "y", "origin": [8, -7, 8]},
			"faces": {
				"north": {"uv": [0, 0, 10, 3], "texture": "#1"},
				"east": {"uv": [0, 0, 0, 3], "texture": "#1"},
				"south": {"uv": [0, 0, 10, 3], "texture": "#1"},
				"west": {"uv": [0, 0, 0, 3], "texture": "#1"},
				"up": {"uv": [10, 0, 0, 0], "rotation": 180, "texture": "#1"},
				"down": {"uv": [10, 0, 0, 0], "rotation": 180, "texture": "#1"}
			}
		},
		{
			"from": [3, 4, 1],
			"to": [13, 4, 4],
			"rotation": {"angle": 45, "axis": "z", "origin": [8, 4, -1]},
			"faces": {
				"north": {"uv": [10, 0, 0, 0], "texture": "#1"},
				"east": {"uv": [0, 0, 0, 3], "rotation": 90, "texture": "#1"},
				"south": {"uv": [10, 0, 0, 0], "rotation": 180, "texture": "#1"},
				"west": {"uv": [0, 0, 0, 3], "rotation": 270, "texture": "#1"},
				"up": {"uv": [10, 3, 0, 0], "texture": "#1"},
				"down": {"uv": [10, 3, 0, 0], "rotation": 180, "texture": "#1"}
			}
		},
		{
			"from": [3, 4, 1],
			"to": [13, 4, 4],
			"rotation": {"angle": -45, "axis": "z", "origin": [8, 4, -1]},
			"faces": {
				"north": {"uv": [10, 0, 0, 0], "rotation": 180, "texture": "#1"},
				"east": {"uv": [0, 0, 0, 3], "rotation": 90, "texture": "#1"},
				"south": {"uv": [10, 0, 0, 0], "texture": "#1"},
				"west": {"uv": [0, 0, 0, 3], "rotation": 270, "texture": "#1"},
				"up": {"uv": [10, 3, 0, 0], "texture": "#1"},
				"down": {"uv": [10, 3, 0, 0], "rotation": 180, "texture": "#1"}
			}
		},
		{
			"from": [3, 4, 12],
			"to": [13, 4, 15],
			"rotation": {"angle": 45, "axis": "z", "origin": [8, 4, 10]},
			"faces": {
				"north": {"uv": [10, 0, 0, 0], "texture": "#1"},
				"east": {"uv": [0, 0, 0, 3], "rotation": 90, "texture": "#1"},
				"south": {"uv": [10, 0, 0, 0], "rotation": 180, "texture": "#1"},
				"west": {"uv": [0, 0, 0, 3], "rotation": 270, "texture": "#1"},
				"up": {"uv": [0, 0, 10, 3], "texture": "#1"},
				"down": {"uv": [0, 0, 10, 3], "rotation": 180, "texture": "#1"}
			}
		},
		{
			"from": [3, 4, 12],
			"to": [13, 4, 15],
			"rotation": {"angle": -45, "axis": "z", "origin": [8, 4, 10]},
			"faces": {
				"north": {"uv": [10, 0, 0, 0], "rotation": 180, "texture": "#1"},
				"east": {"uv": [0, 0, 0, 3], "rotation": 90, "texture": "#1"},
				"south": {"uv": [10, 0, 0, 0], "texture": "#1"},
				"west": {"uv": [0, 0, 0, 3], "rotation": 270, "texture": "#1"},
				"up": {"uv": [0, 0, 10, 3], "texture": "#1"},
				"down": {"uv": [0, 0, 10, 3], "rotation": 180, "texture": "#1"}
			}
		},
		{
			"from": [12, 4, 3],
			"to": [15, 4, 13],
			"rotation": {"angle": -45, "axis": "x", "origin": [12, 4, 8]},
			"faces": {
				"north": {"uv": [0, 0, 0, 3], "rotation": 90, "texture": "#1"},
				"east": {"uv": [10, 0, 0, 0], "rotation": 180, "texture": "#1"},
				"south": {"uv": [0, 0, 0, 3], "rotation": 270, "texture": "#1"},
				"west": {"uv": [10, 0, 0, 0], "texture": "#1"},
				"up": {"uv": [0, 0, 10, 3], "rotation": 270, "texture": "#1"},
				"down": {"uv": [0, 0, 10, 3], "rotation": 270, "texture": "#1"}
			}
		},
		{
			"from": [12, 4, 3],
			"to": [15, 4, 13],
			"rotation": {"angle": 45, "axis": "x", "origin": [12, 4, 8]},
			"faces": {
				"north": {"uv": [0, 0, 0, 3], "rotation": 90, "texture": "#1"},
				"east": {"uv": [10, 0, 0, 0], "texture": "#1"},
				"south": {"uv": [0, 0, 0, 3], "rotation": 270, "texture": "#1"},
				"west": {"uv": [10, 0, 0, 0], "rotation": 180, "texture": "#1"},
				"up": {"uv": [0, 0, 10, 3], "rotation": 270, "texture": "#1"},
				"down": {"uv": [0, 0, 10, 3], "rotation": 270, "texture": "#1"}
			}
		},
		{
			"from": [1, 4, 3],
			"to": [4, 4, 13],
			"rotation": {"angle": -45, "axis": "x", "origin": [12, 4, 8]},
			"faces": {
				"north": {"uv": [0, 0, 0, 3], "rotation": 90, "texture": "#1"},
				"east": {"uv": [10, 0, 0, 0], "rotation": 180, "texture": "#1"},
				"south": {"uv": [0, 0, 0, 3], "rotation": 270, "texture": "#1"},
				"west": {"uv": [10, 0, 0, 0], "texture": "#1"},
				"up": {"uv": [10, 3, 0, 0], "rotation": 270, "texture": "#1"},
				"down": {"uv": [10, 3, 0, 0], "rotation": 270, "texture": "#1"}
			}
		},
		{
			"from": [1, 4, 3],
			"to": [4, 4, 13],
			"rotation": {"angle": 45, "axis": "x", "origin": [12, 4, 8]},
			"faces": {
				"north": {"uv": [0, 0, 0, 3], "rotation": 90, "texture": "#1"},
				"east": {"uv": [10, 0, 0, 0], "texture": "#1"},
				"south": {"uv": [0, 0, 0, 3], "rotation": 270, "texture": "#1"},
				"west": {"uv": [10, 0, 0, 0], "rotation": 180, "texture": "#1"},
				"up": {"uv": [10, 3, 0, 0], "rotation": 270, "texture": "#1"},
				"down": {"uv": [10, 3, 0, 0], "rotation": 270, "texture": "#1"}
			}
		}
	]
}