{
	"credit": "Made with Blockbench",
	"textures": {
		"0": "block/sweet_berry_stage2",
		"2": "block/sweet_berry_bush_sides",
		"particle": "block/sweet_berry_stage2"
	},
	"elements": [
		{
			"from": [2, 0, 2],
			"to": [14, 12, 14],
			"faces": {
				"north": {"uv": [1, 1, 13, 13], "texture": "#0"},
				"east": {"uv": [1, 1, 13, 13], "texture": "#0"},
				"south": {"uv": [1, 1, 13, 13], "texture": "#0"},
				"west": {"uv": [1, 1, 13, 13], "texture": "#0"},
				"up": {"uv": [1, 1, 13, 13], "texture": "#0"},
				"down": {"uv": [1, 1, 13, 13], "texture": "#0"}
			}
		},
		{
			"from": [-3, 6, 0.1],
			"to": [2, 6, 16.1],
			"rotation": {"angle": 45, "axis": "x", "origin": [10, 6, 8.1]},
			"faces": {
				"north": {"uv": [0, 3, 0, 8], "rotation": 90, "texture": "#2"},
				"east": {"uv": [10, 3, 0, 3], "texture": "#2"},
				"south": {"uv": [0, 3, 0, 8], "rotation": 270, "texture": "#2"},
				"west": {"uv": [10, 3, 0, 3], "rotation": 180, "texture": "#2"},
				"up": {"uv": [16, 8, 0, 3], "rotation": 270, "texture": "#2"},
				"down": {"uv": [16, 8, 0, 3], "rotation": 270, "texture": "#2"}
			}
		},
		{
			"from": [-3, 6, 0.1],
			"to": [2, 6, 16.1],
			"rotation": {"angle": -45, "axis": "x", "origin": [10, 6, 8.1]},
			"faces": {
				"north": {"uv": [0, 3, 0, 8], "rotation": 90, "texture": "#2"},
				"east": {"uv": [10, 3, 0, 3], "rotation": 180, "texture": "#2"},
				"south": {"uv": [0, 3, 0, 8], "rotation": 270, "texture": "#2"},
				"west": {"uv": [10, 3, 0, 3], "texture": "#2"},
				"up": {"uv": [16, 8, 0, 3], "rotation": 270, "texture": "#2"},
				"down": {"uv": [16, 8, 0, 3], "rotation": 270, "texture": "#2"}
			}
		},
		{
			"from": [14, 6, 0],
			"to": [19, 6, 16],
			"rotation": {"angle": -45, "axis": "x", "origin": [14, 6, 8]},
			"faces": {
				"north": {"uv": [0, 3, 0, 6], "rotation": 90, "texture": "#2"},
				"east": {"uv": [10, 3, 0, 3], "rotation": 180, "texture": "#2"},
				"south": {"uv": [0, 3, 0, 6], "rotation": 270, "texture": "#2"},
				"west": {"uv": [10, 3, 0, 3], "texture": "#2"},
				"up": {"uv": [0, 3, 16, 8], "rotation": 270, "texture": "#2"},
				"down": {"uv": [0, 3, 16, 8], "rotation": 270, "texture": "#2"}
			}
		},
		{
			"from": [14, 6, 0],
			"to": [19, 6, 16],
			"rotation": {"angle": 45, "axis": "x", "origin": [14, 6, 8]},
			"faces": {
				"north": {"uv": [0, 3, 0, 6], "rotation": 90, "texture": "#2"},
				"east": {"uv": [10, 3, 0, 3], "texture": "#2"},
				"south": {"uv": [0, 3, 0, 6], "rotation": 270, "texture": "#2"},
				"west": {"uv": [10, 3, 0, 3], "rotation": 180, "texture": "#2"},
				"up": {"uv": [0, 3, 16, 8], "rotation": 270, "texture": "#2"},
				"down": {"uv": [0, 3, 16, 8], "rotation": 270, "texture": "#2"}
			}
		},
		{
			"from": [0, 6, 14],
			"to": [16, 6, 19],
			"rotation": {"angle": 45, "axis": "z", "origin": [8, 6, 12]},
			"faces": {
				"north": {"uv": [10, 3, 0, 3], "texture": "#2"},
				"east": {"uv": [0, 3, 0, 8], "rotation": 90, "texture": "#2"},
				"south": {"uv": [10, 3, 0, 3], "rotation": 180, "texture": "#2"},
				"west": {"uv": [0, 3, 0, 8], "rotation": 270, "texture": "#2"},
				"up": {"uv": [0, 3, 16, 8], "texture": "#2"},
				"down": {"uv": [0, 3, 16, 8], "rotation": 180, "texture": "#2"}
			}
		},
		{
			"from": [0, 6, 14],
			"to": [16, 6, 19],
			"rotation": {"angle": -45, "axis": "z", "origin": [8, 6, 12]},
			"faces": {
				"north": {"uv": [10, 3, 0, 3], "rotation": 180, "texture": "#2"},
				"east": {"uv": [0, 3, 0, 8], "rotation": 90, "texture": "#2"},
				"south": {"uv": [10, 3, 0, 3], "texture": "#2"},
				"west": {"uv": [0, 3, 0, 8], "rotation": 270, "texture": "#2"},
				"up": {"uv": [0, 3, 16, 8], "texture": "#2"},
				"down": {"uv": [0, 3, 16, 8], "rotation": 180, "texture": "#2"}
			}
		},
		{
			"from": [-0.1, 6, -3],
			"to": [15.9, 6, 2],
			"rotation": {"angle": 45, "axis": "z", "origin": [7.9, 6, -3]},
			"faces": {
				"north": {"uv": [10, 3, 0, 3], "texture": "#2"},
				"east": {"uv": [0, 3, 0, 8], "rotation": 90, "texture": "#2"},
				"south": {"uv": [10, 3, 0, 3], "rotation": 180, "texture": "#2"},
				"west": {"uv": [0, 3, 0, 8], "rotation": 270, "texture": "#2"},
				"up": {"uv": [16, 8, 0, 3], "texture": "#2"},
				"down": {"uv": [16, 8, 0, 3], "rotation": 180, "texture": "#2"}
			}
		},
		{
			"from": [-0.1, 6, -3],
			"to": [15.9, 6, 2],
			"rotation": {"angle": -45, "axis": "z", "origin": [7.9, 6, -3]},
			"faces": {
				"north": {"uv": [10, 3, 0, 3], "rotation": 180, "texture": "#2"},
				"east": {"uv": [0, 3, 0, 8], "rotation": 90, "texture": "#2"},
				"south": {"uv": [10, 3, 0, 3], "texture": "#2"},
				"west": {"uv": [0, 3, 0, 8], "rotation": 270, "texture": "#2"},
				"up": {"uv": [16, 8, 0, 3], "texture": "#2"},
				"down": {"uv": [16, 8, 0, 3], "rotation": 180, "texture": "#2"}
			}
		},
		{
			"from": [0, -5, 8],
			"to": [16, 0, 8],
			"rotation": {"angle": 45, "axis": "y", "origin": [8, -7, 8]},
			"faces": {
				"north": {"uv": [0, 3, 16, 8], "texture": "#2"},
				"east": {"uv": [0, 3, 0, 8], "texture": "#2"},
				"south": {"uv": [0, 3, 16, 8], "texture": "#2"},
				"west": {"uv": [0, 3, 0, 8], "texture": "#2"},
				"up": {"uv": [10, 3, 0, 3], "texture": "#2"},
				"down": {"uv": [10, 3, 0, 3], "texture": "#2"}
			}
		},
		{
			"from": [0, -5, 8],
			"to": [16, 0, 8],
			"rotation": {"angle": -45, "axis": "y", "origin": [8, -7, 8]},
			"faces": {
				"north": {"uv": [0, 3, 16, 8], "texture": "#2"},
				"east": {"uv": [0, 3, 0, 8], "texture": "#2"},
				"south": {"uv": [0, 3, 16, 8], "texture": "#2"},
				"west": {"uv": [0, 3, 0, 8], "texture": "#2"},
				"up": {"uv": [10, 3, 0, 3], "rotation": 180, "texture": "#2"},
				"down": {"uv": [10, 3, 0, 3], "rotation": 180, "texture": "#2"}
			}
		},
		{
			"from": [0, 12, 8],
			"to": [16, 17, 8],
			"rotation": {"angle": 45, "axis": "y", "origin": [8, 8, 8]},
			"faces": {
				"north": {"uv": [16, 8, 0, 3], "texture": "#2"},
				"east": {"uv": [0, 3, 0, 8], "texture": "#2"},
				"south": {"uv": [16, 8, 0, 3], "texture": "#2"},
				"west": {"uv": [0, 3, 0, 8], "texture": "#2"},
				"up": {"uv": [10, 3, 0, 3], "texture": "#2"},
				"down": {"uv": [10, 3, 0, 3], "texture": "#2"}
			}
		},
		{
			"from": [0, 12, 8],
			"to": [16, 17, 8],
			"rotation": {"angle": -45, "axis": "y", "origin": [8, 8, 8]},
			"faces": {
				"north": {"uv": [16, 8, 0, 3], "texture": "#2"},
				"east": {"uv": [0, 3, 0, 8], "texture": "#2"},
				"south": {"uv": [16, 8, 0, 3], "texture": "#2"},
				"west": {"uv": [0, 3, 0, 8], "texture": "#2"},
				"up": {"uv": [10, 3, 0, 3], "rotation": 180, "texture": "#2"},
				"down": {"uv": [10, 3, 0, 3], "rotation": 180, "texture": "#2"}
			}
		}
	],
	"groups": [
		0,
		{
			"name": "group",
			"origin": [8, 8, 8],
			"color": 0,
			"children": [
				{
					"name": "group",
					"origin": [10, 4, 8],
					"color": 0,
					"children": [1, 2]
				},
				{
					"name": "group",
					"origin": [14, 4, 8],
					"color": 0,
					"children": [3, 4]
				},
				{
					"name": "group",
					"origin": [8, 4, 12],
					"color": 0,
					"children": [5, 6]
				},
				{
					"name": "group",
					"origin": [8, 4, -3],
					"color": 0,
					"children": [7, 8]
				},
				{
					"name": "group",
					"origin": [8, -7, 8],
					"color": 0,
					"children": [9, 10]
				},
				{
					"name": "group",
					"origin": [8, 4, 8],
					"color": 0,
					"children": [11, 12]
				}
			]
		}
	]
}