{
	"credit": "Made with Blockbench",
	"texture_size": [32, 32],
	"textures": {
		"2": "block/warped_fungus",
		"particle": "block/warped_fungus_particles"
	},
	"elements": [
		{
			"from": [7, 0, 7],
			"to": [9, 5, 9],
			"faces": {
				"north": {"uv": [4, 6, 5, 8.5], "texture": "#2"},
				"east": {"uv": [5, 6, 6, 8.5], "texture": "#2"},
				"south": {"uv": [6, 6, 7, 8.5], "texture": "#2"},
				"west": {"uv": [7, 6, 8, 8.5], "texture": "#2"},
				"up": {"uv": [1, 9, 0, 8], "texture": "#2"},
				"down": {"uv": [9, 0, 8, 1], "texture": "#2"}
			}
		},
		{
			"from": [4, 5, 4],
			"to": [12, 8, 12],
			"faces": {
				"north": {"uv": [4, 0, 8, 1.5], "texture": "#2"},
				"east": {"uv": [4, 1.5, 8, 3], "texture": "#2"},
				"south": {"uv": [4, 3, 8, 4.5], "texture": "#2"},
				"west": {"uv": [4, 4.5, 8, 6], "texture": "#2"},
				"up": {"uv": [4, 4, 0, 0], "texture": "#2"},
				"down": {"uv": [4, 4, 0, 8], "texture": "#2"}
			}
		}
	],
	"gui_light": "front",
	"display": {
		"thirdperson_righthand": {
			"translation": [0, 3, 1],
			"scale": [0.55, 0.55, 0.55]
		},
		"thirdperson_lefthand": {
			"translation": [0, 3, 1],
			"scale": [0.55, 0.55, 0.55]
		},
		"firstperson_righthand": {
			"rotation": [0, -57, -9.25],
			"translation": [1.13, 3.2, 1.13],
			"scale": [0.68, 0.68, 0.68]
		},
		"firstperson_lefthand": {
			"rotation": [0, -57, -9.25],
			"translation": [1.13, 3.2, 1.13],
			"scale": [0.68, 0.68, 0.68]
		},
		"ground": {
			"translation": [0, 2, 0],
			"scale": [0.5, 0.5, 0.5]
		},
		"gui": {
			"rotation": [30, 225, 0],
			"scale": [0.625, 0.625, 0.625]
		},
		"head": {
			"rotation": [-168.65, 12.73, -158.27],
			"translation": [5.25, 12.5, 4.75]
		},
		"fixed": {
			"rotation": [-90, 0, 0],
			"translation": [0, 0, -16],
			"scale": [2, 2, 2]
		}
	}
}