{
	"credit": "Made with Blockbench",
	"ambientocclusion": false,
	"textures": {
		"0": "block/brown_mushroom_model",
		"particle": "block/brown_mushroom_model"
	},
	"elements": [
		{
			"name": "stem",
			"from": [7, 0, 7],
			"to": [9, 3, 9],
			"faces": {
				"north": {"uv": [13, 3, 15, 6], "texture": "#0"},
				"east": {"uv": [9, 3, 11, 6], "texture": "#0"},
				"south": {"uv": [13, 3, 15, 6], "texture": "#0"},
				"west": {"uv": [9, 3, 11, 6], "texture": "#0"},
				"up": {"uv": [3, 11, 5, 13], "texture": "#0"},
				"down": {"uv": [3, 11, 5, 13], "texture": "#0"}
			}
		},
		{
			"name": "cap",
			"from": [4, 3, 4],
			"to": [12, 5, 12],
			"faces": {
				"north": {"uv": [8, 0, 16, 2], "texture": "#0"},
				"east": {"uv": [8, 0, 16, 2], "texture": "#0"},
				"south": {"uv": [8, 0, 16, 2], "texture": "#0"},
				"west": {"uv": [8, 0, 16, 2], "texture": "#0"},
				"up": {"uv": [0, 0, 8, 8], "texture": "#0"},
				"down": {"uv": [0, 8, 8, 16], "texture": "#0"}
			}
		}
	]
}