{
	"credit": "Made with Blockbench",
	"ambientocclusion": false,
	"textures": {
		"0": "block/brown_mushroom_model",
		"particle": "block/brown_mushroom_model"
	},
	"elements": [
		{
			"name": "stem",
			"from": [9, 0, 5],
			"to": [11, 6, 7],
			"faces": {
				"north": {"uv": [13, 3, 15, 9], "texture": "#0"},
				"east": {"uv": [9, 3, 11, 9], "texture": "#0"},
				"south": {"uv": [13, 3, 15, 9], "texture": "#0"},
				"west": {"uv": [9, 3, 11, 9], "texture": "#0"},
				"up": {"uv": [3, 11, 5, 13], "texture": "#0"},
				"down": {"uv": [3, 11, 5, 13], "texture": "#0"}
			}
		},
		{
			"name": "cap",
			"from": [6, 5, 2],
			"to": [14, 7, 10],
			"faces": {
				"north": {"uv": [8, 0, 16, 2], "texture": "#0"},
				"east": {"uv": [8, 0, 16, 2], "texture": "#0"},
				"south": {"uv": [8, 0, 16, 2], "texture": "#0"},
				"west": {"uv": [8, 0, 16, 2], "texture": "#0"},
				"up": {"uv": [0, 0, 8, 8], "texture": "#0"},
				"down": {"uv": [0, 8, 8, 16], "texture": "#0"}
			}
		},
		{
			"name": "ministem",
			"from": [5, 0, 11],
			"to": [6, 2, 12],
			"faces": {
				"north": {"uv": [13, 4, 14, 6], "texture": "#0"},
				"east": {"uv": [9, 3, 10, 5], "texture": "#0"},
				"south": {"uv": [9, 3, 10, 5], "texture": "#0"},
				"west": {"uv": [9, 3, 10, 5], "texture": "#0"},
				"up": {"uv": [0, 0, 1, 1], "texture": "#0"},
				"down": {"uv": [0, 0, 1, 1], "texture": "#0"}
			}
		},
		{
			"from": [3, 2, 9],
			"to": [8, 3, 14],
			"faces": {
				"north": {"uv": [8, 0, 13, 1], "texture": "#0"},
				"east": {"uv": [10, 0, 15, 1], "texture": "#0"},
				"south": {"uv": [9, 0, 14, 1], "texture": "#0"},
				"west": {"uv": [9, 0, 14, 1], "texture": "#0"},
				"up": {"uv": [11, 11, 16, 16], "texture": "#0"},
				"down": {"uv": [1, 9, 6, 14], "texture": "#0"}
			}
		}
	]
}