{
	"credit": "Made with Blockbench",
	"textures": {
		"0": "block/red_mushroom_model",
		"particle": "block/red_mushroom_model"
	},
	"elements": [
		{
			"name": "stem",
			"from": [9, 0, 5],
			"to": [11, 3, 7],
			"faces": {
				"north": {"uv": [14, 0, 16, 3], "texture": "#0"},
				"east": {"uv": [14, 4, 16, 7], "texture": "#0"},
				"south": {"uv": [14, 0, 16, 3], "texture": "#0"},
				"west": {"uv": [14, 4, 16, 7], "texture": "#0"},
				"up": {"uv": [2, 9, 4, 11], "texture": "#0"},
				"down": {"uv": [2, 9, 4, 11], "texture": "#0"}
			}
		},
		{
			"name": "cap",
			"from": [7, 3, 3],
			"to": [13, 6, 9],
			"faces": {
				"north": {"uv": [7, 0, 13, 3], "texture": "#0"},
				"east": {"uv": [7, 12, 13, 15], "texture": "#0"},
				"south": {"uv": [7, 4, 13, 7], "texture": "#0"},
				"west": {"uv": [7, 8, 13, 11], "texture": "#0"},
				"up": {"uv": [0, 0, 6, 6], "texture": "#0"},
				"down": {"uv": [0, 7, 6, 13], "texture": "#0"}
			}
		},
		{
			"name": "ministem",
			"from": [4, 0, 11],
			"to": [5, 1, 12],
			"faces": {
				"north": {"uv": [14, 2, 15, 3], "texture": "#0"},
				"east": {"uv": [15, 1, 16, 2], "texture": "#0"},
				"south": {"uv": [14, 2, 15, 3], "texture": "#0"},
				"west": {"uv": [15, 0, 16, 1], "texture": "#0"},
				"up": {"uv": [14, 2, 15, 3], "texture": "#0"},
				"down": {"uv": [15, 0, 16, 1], "texture": "#0"}
			}
		},
		{
			"name": "minicap",
			"from": [3, 1, 10],
			"to": [6, 3, 13],
			"faces": {
				"north": {"uv": [8, 13, 11, 15], "texture": "#0"},
				"east": {"uv": [9, 9, 12, 11], "texture": "#0"},
				"south": {"uv": [9, 1, 12, 3], "texture": "#0"},
				"west": {"uv": [9, 5, 12, 7], "texture": "#0"},
				"up": {"uv": [1, 2, 4, 5], "texture": "#0"},
				"down": {"uv": [1, 9, 4, 12], "texture": "#0"}
			}
		}
	]
}