{
	"credit": "Made with Blockbench",
	"textures": {
		"0": "block/warped_fungus_model",
		"particle": "block/warped_fungus_model"
	},
	"elements": [
		{
			"from": [1, 3, 1],
			"to": [9, 6, 9],
			"rotation": {"angle": 0, "axis": "y", "origin": [6, 8, 9]},
			"faces": {
				"north": {"uv": [8, 0, 12, 1.5], "texture": "#0"},
				"east": {"uv": [8, 4.5, 12, 6], "texture": "#0"},
				"south": {"uv": [8, 1.5, 12, 3], "texture": "#0"},
				"west": {"uv": [8, 3, 12, 4.5], "texture": "#0"},
				"up": {"uv": [12, 0, 16, 4], "texture": "#0"},
				"down": {"uv": [12, 4, 16, 8], "texture": "#0"}
			}
		},
		{
			"from": [4, 0, 4],
			"to": [6, 3, 6],
			"rotation": {"angle": 0, "axis": "y", "origin": [6, 8, 9]},
			"faces": {
				"north": {"uv": [6, 0, 7, 1.5], "texture": "#0"},
				"east": {"uv": [6, 2.5, 7, 4], "texture": "#0"},
				"south": {"uv": [7, 0, 8, 1.5], "texture": "#0"},
				"west": {"uv": [7, 2.5, 8, 4], "texture": "#0"},
				"up": {"uv": [6, 0, 7, 1], "texture": "#0"},
				"down": {"uv": [6, 0, 7, 1], "texture": "#0"}
			}
		},
		{
			"from": [12, 0, 11],
			"to": [13, 2, 12],
			"rotation": {"angle": 0, "axis": "y", "origin": [7, 8, 8]},
			"faces": {
				"north": {"uv": [6, 2.5, 6.5, 3.5], "texture": "#0"},
				"east": {"uv": [6, 0, 6.5, 1], "texture": "#0"},
				"south": {"uv": [6.5, 2.5, 7, 3.5], "texture": "#0"},
				"west": {"uv": [6.5, 0, 7, 1], "texture": "#0"},
				"up": {"uv": [6, 0, 6.5, 0.5], "texture": "#0"},
				"down": {"uv": [7.5, 0, 8, 0.5], "texture": "#0"}
			}
		},
		{
			"from": [10, 2, 9],
			"to": [15, 4, 14],
			"rotation": {"angle": 0, "axis": "y", "origin": [7, 8, 8]},
			"faces": {
				"north": {"uv": [7.5, 14, 10, 15], "texture": "#0"},
				"east": {"uv": [5, 15, 7.5, 16], "texture": "#0"},
				"south": {"uv": [7.5, 15, 10, 16], "texture": "#0"},
				"west": {"uv": [5, 14, 7.5, 15], "texture": "#0"},
				"up": {"uv": [0, 13.5, 2.5, 16], "texture": "#0"},
				"down": {"uv": [2.5, 13.5, 5, 16], "texture": "#0"}
			}
		}
	]
}