{
  "variants": {
      "half=lower": [
		       { "model": "minecraft:block/sunflower_bottom" },
		       { "model": "minecraft:block/sunflower_bottom_2" },
		       { "model": "minecraft:block/sunflower_bottom_3" },
		       { "model": "minecraft:block/sunflower_bottom_4" },
		       { "model": "minecraft:block/sunflower_bottom_5" },
		       { "model": "minecraft:block/sunflower_bottom_6" },
		       { "model": "minecraft:block/sunflower_bottom_2" },
		       { "model": "minecraft:block/sunflower_bottom_4" },
		       { "model": "minecraft:block/sunflower_bottom_6" },
		       { "model": "minecraft:block/sunflower_bottom" },
		       { "model": "minecraft:block/sunflower_bottom_3" },
		       { "model": "minecraft:block/sunflower_bottom_5" },
		       { "model": "minecraft:block/sunflower_bottom_2" },
		       { "model": "minecraft:block/sunflower_bottom_4" },
		       { "model": "minecraft:block/sunflower_bottom_6" },
		       { "model": "minecraft:block/sunflower_bottom" },
		       { "model": "minecraft:block/sunflower_bottom_3" },
		       { "model": "minecraft:block/sunflower_bottom_5" }
		    ],
      "half=upper": [
		       { "model": "minecraft:block/sunflower_top" },
		       { "model": "minecraft:block/sunflower_top_2" },
		       { "model": "minecraft:block/sunflower_top_3" },
		       { "model": "minecraft:block/sunflower_top_4" },
		       { "model": "minecraft:block/sunflower_top_5" },
		       { "model": "minecraft:block/sunflower_top_6" },
		       { "model": "minecraft:block/sunflower_top_2" },
		       { "model": "minecraft:block/sunflower_top_4" },
		       { "model": "minecraft:block/sunflower_top_6" },
		       { "model": "minecraft:block/sunflower_top" },
		       { "model": "minecraft:block/sunflower_top_3" },
		       { "model": "minecraft:block/sunflower_top_5" },
		       { "model": "minecraft:block/sunflower_top_2" },
		       { "model": "minecraft:block/sunflower_top_4" },
		       { "model": "minecraft:block/sunflower_top_6" },
		       { "model": "minecraft:block/sunflower_top" },
		       { "model": "minecraft:block/sunflower_top_3" },
		       { "model": "minecraft:block/sunflower_top_5" }
		    ]
	     }
      }
}