{
	"credit": "Made with Blockbench",
	"textures": {
		"1": "item/eatinganimation/porkchop/porkchop_eat_4",
		"particle": "item/porkchop"
	},
	"elements": [
		{
			"from": [6, 0.5, 4],
			"to": [9, 2.5, 5],
			"rotation": {"angle": 0, "axis": "y", "origin": [7, 1, 4]},
			"faces": {
				"north": {"uv": [0, 5.5, 1.5, 6.5], "texture": "#1"},
				"east": {"uv": [0, 8, 0.5, 9], "texture": "#1"},
				"south": {"uv": [0, 6.5, 1.5, 7.5], "texture": "#1"},
				"west": {"uv": [5, 4.5, 5.5, 5.5], "texture": "#1"},
				"up": {"uv": [2.5, 4, 1, 3.5], "texture": "#1"},
				"down": {"uv": [3, 7.5, 1.5, 8], "texture": "#1"}
			}
		},
		{
			"from": [6, 0.5, 5],
			"to": [8, 2.5, 6],
			"rotation": {"angle": 0, "axis": "y", "origin": [6, 1, 5]},
			"faces": {
				"north": {"uv": [1.5, 5.5, 2.5, 6.5], "texture": "#1"},
				"east": {"uv": [0.5, 8, 1, 9], "texture": "#1"},
				"south": {"uv": [1.5, 6.5, 2.5, 7.5], "texture": "#1"},
				"west": {"uv": [5.5, 4.5, 6, 5.5], "texture": "#1"},
				"up": {"uv": [2.5, 3.5, 1.5, 3], "texture": "#1"},
				"down": {"uv": [2.5, 8, 1.5, 8.5], "texture": "#1"}
			}
		},
		{
			"name": "porkchop",
			"from": [6, 0.5, 3],
			"to": [11, 2.5, 4],
			"rotation": {"angle": 0, "axis": "y", "origin": [8.5, 0.75, 7.5]},
			"faces": {
				"north": {"uv": [5, 0, 7.5, 1], "texture": "#1"},
				"east": {"uv": [4, 4.5, 4.5, 5.5], "texture": "#1"},
				"south": {"uv": [5, 1, 7.5, 2], "texture": "#1"},
				"west": {"uv": [4.5, 4.5, 5, 5.5], "texture": "#1"},
				"up": {"uv": [2.5, 4.5, 0, 4], "texture": "#1"},
				"down": {"uv": [5, 4, 2.5, 4.5], "texture": "#1"}
			}
		}
	],
	"display": {
		"thirdperson_righthand": {
			"rotation": [-45, 0, 0],
			"translation": [-0.25, 4, -3],
			"scale": [0.7, 0.7, 0.7]
		},
		"thirdperson_lefthand": {
			"rotation": [-45, 0, 0],
			"translation": [0.25, 4, -3],
			"scale": [0.7, 0.7, 0.7]
		},
		"firstperson_righthand": {
			"rotation": [-16, -85, -8],
			"translation": [-4, 10, 0.75],
			"scale": [0.5, 0.5, 0.5]
		},
		"firstperson_lefthand": {
			"rotation": [-16, -85, -8],
			"translation": [-4, 10, 0.75],
			"scale": [0.5, 0.5, 0.5]
		},
		"ground": {
			"translation": [0, 4.25, 0],
			"scale": [0.75, 0.75, 0.75]
		},
		"gui": {
			"rotation": [40, -45, 0],
			"translation": [-1, 5.75, 0],
			"scale": [1.4, 1.4, 1.4]
		},
		"head": {
			"translation": [-0.75, 17.75, 0.75],
			"scale": [1.5, 1.5, 1.5]
		},
		"fixed": {
			"rotation": [-90, 90, 0],
			"translation": [0.5, 0, -9.25],
			"scale": [1.5, 1.5, 1.5]
		}
	},
	"groups": [
		{
			"name": "porckchop",
			"origin": [-10, 2, 0],
			"color": 0,
			"children": [0, 1]
		},
		2
	]
}