{
    "parent": "builtin/entity",
    "gui_light": "front",
    "textures": {
        "particle": "block/dark_oak_planks"
    },
    "display": {
        "thirdperson_righthand": {
            "rotation": [ 0, 90, 0 ],
            "translation": [ 10, 6, -4 ],
            "scale": [ 1, 1, 1 ]
        },
        "thirdperson_lefthand": {
            "rotation": [ 0, 90, 0 ],
            "translation": [ 10, 6, 12 ],
            "scale": [ 1, 1, 1 ]
        },
        "firstperson_righthand": {
            "rotation": [ 0, 165, 4 ],
            "translation": [ -2, -1.54, -15 ],
            "scale": [ 1.25, 1.25, 1.25 ]
        },
        "firstperson_lefthand": {
            "rotation": [ 0, 165, 4 ],
            "translation": [ 17.5, -3, -10 ],
            "scale": [ 1.25, 1.25, 1.25 ]
        },
        "gui": {
            "rotation": [ 20, -45, 0 ],
            "translation": [ 1.25, 2.25, 0 ],
            "scale": [ 0.75, 0.65, 0.65 ]
        },
        "fixed": {
            "rotation": [ 0, 180, 0 ],
            "translation": [ -5.6, 5.75, -5],
            "scale":[ 0.7, 0.7, 0.7]
        },
        "ground": {
            "rotation": [ 0, 0, 0 ],
            "translation": [ 4, 8, 2],
            "scale":[ 0.35, 0.35, 0.35]
        }
    },
    "overrides": [
        {
            "predicate": {
                "blocking": 1
            },
            "model": "item/shield_blocking"
        }
    ]
}
