{
	"credit": "Made with Blockbench",
	"textures": {
		"0": "item/bucket",
		"1": "item/cod",
		"particle": "item/bucket"
	},
	"elements": [
		{
			"from": [2, 9, 2],
			"to": [14, 11, 14],
			"faces": {
				"north": {"uv": [4, 6, 10, 7], "texture": "#0"},
				"east": {"uv": [4, 6, 10, 7], "texture": "#0"},
				"south": {"uv": [4, 6, 10, 7], "texture": "#0"},
				"west": {"uv": [4, 6, 10, 7], "texture": "#0"},
				"up": {"uv": [4, 0, 10, 6], "texture": "#0"},
				"down": {"uv": [4, 0, 10, 6], "texture": "#0"}
			}
		},
		{
			"from": [4, 10, 4],
			"to": [12, 10, 12],
			"faces": {
				"north": {"uv": [15.5, 15.5, 16, 16], "texture": "#0"},
				"east": {"uv": [15.5, 15.5, 16, 16], "texture": "#0"},
				"south": {"uv": [15.5, 15.5, 16, 16], "texture": "#0"},
				"west": {"uv": [15.5, 15.5, 16, 16], "texture": "#0"},
				"up": {"uv": [0, 5, 1.5, 6.5], "texture": "#0"},
				"down": {"uv": [15.5, 15.5, 16, 16], "texture": "#0"}
			}
		},
		{
			"from": [4, 0, 4],
			"to": [12, 1, 12],
			"faces": {
				"north": {"uv": [15.5, 15.5, 16, 16], "texture": "#0"},
				"east": {"uv": [15.5, 15.5, 16, 16], "texture": "#0"},
				"south": {"uv": [15.5, 15.5, 16, 16], "texture": "#0"},
				"west": {"uv": [15.5, 15.5, 16, 16], "texture": "#0"},
				"up": {"uv": [10.5, 7.5, 14.5, 11.5], "texture": "#0"},
				"down": {"uv": [5, 8, 9, 12], "texture": "#0"}
			}
		},
		{
			"from": [3, 0, 3],
			"to": [13, 11, 4],
			"rotation": {"angle": 0, "axis": "y", "origin": [8, 5.5, 8]},
			"faces": {
				"north": {"uv": [5, 7, 10, 12], "texture": "#0"},
				"east": {"uv": [15.5, 15.5, 16, 16], "texture": "#0"},
				"south": {"uv": [10, 7, 15, 12], "texture": "#0"},
				"west": {"uv": [15.5, 15.5, 16, 16], "texture": "#0"},
				"up": {"uv": [15.5, 15.5, 16, 16], "texture": "#0"},
				"down": {"uv": [5.5, 7.5, 10.5, 8], "texture": "#0"}
			}
		},
		{
			"from": [3, 0, 3],
			"to": [4, 11, 13],
			"rotation": {"angle": 0, "axis": "y", "origin": [8, 5.5, 8]},
			"faces": {
				"north": {"uv": [15.5, 15.5, 16, 16], "texture": "#0"},
				"east": {"uv": [10, 7, 15, 12], "texture": "#0"},
				"south": {"uv": [15.5, 15.5, 16, 16], "texture": "#0"},
				"west": {"uv": [5, 7, 10, 12], "texture": "#0"},
				"up": {"uv": [15.5, 15.5, 16, 16], "rotation": 270, "texture": "#0"},
				"down": {"uv": [5.5, 7.5, 10.5, 8], "rotation": 90, "texture": "#0"}
			}
		},
		{
			"from": [3, 0, 12],
			"to": [13, 11, 13],
			"rotation": {"angle": 0, "axis": "y", "origin": [8, 5.5, 8]},
			"faces": {
				"north": {"uv": [10, 7, 15, 12], "texture": "#0"},
				"east": {"uv": [15.5, 15.5, 16, 16], "texture": "#0"},
				"south": {"uv": [5, 7, 10, 12], "texture": "#0"},
				"west": {"uv": [15.5, 15.5, 16, 16], "texture": "#0"},
				"up": {"uv": [15.5, 15.5, 16, 16], "rotation": 180, "texture": "#0"},
				"down": {"uv": [5.5, 7.5, 10.5, 8], "rotation": 180, "texture": "#0"}
			}
		},
		{
			"from": [12, 0, 3],
			"to": [13, 11, 13],
			"rotation": {"angle": 0, "axis": "y", "origin": [8, 5.5, 8]},
			"faces": {
				"north": {"uv": [15.5, 15.5, 16, 16], "texture": "#0"},
				"east": {"uv": [5, 7, 10, 12], "texture": "#0"},
				"south": {"uv": [15.5, 15.5, 16, 16], "texture": "#0"},
				"west": {"uv": [10, 7, 15, 12], "texture": "#0"},
				"up": {"uv": [15.5, 15.5, 16, 16], "rotation": 90, "texture": "#0"},
				"down": {"uv": [11, 6.5, 11.5, 11.5], "texture": "#0"}
			}
		},
		{
			"name": "head",
			"from": [1.4, 12.2, 7],
			"to": [4.4, 13.2, 9],
			"rotation": {"angle": -45, "axis": "z", "origin": [9.4, 3.2, 8]},
			"faces": {
				"north": {"uv": [0.75, 0.25, 1, 1], "rotation": 90, "texture": "#1"},
				"east": {"uv": [0.75, 0, 1.25, 0.25], "rotation": 180, "texture": "#1"},
				"south": {"uv": [0, 0.25, 0.25, 1], "rotation": 270, "texture": "#1"},
				"west": {"uv": [0.75, 0.25, 0.25, 0], "texture": "#1"},
				"up": {"uv": [0.25, 0.25, 0.75, 1], "rotation": 270, "texture": "#1"},
				"down": {"uv": [1, 0.25, 1.5, 1], "rotation": 270, "texture": "#1"}
			}
		},
		{
			"name": "body",
			"from": [1.4, 2.2, 7],
			"to": [5.4, 9.2, 9],
			"rotation": {"angle": -45, "axis": "z", "origin": [9.4, 3.2, 8]},
			"faces": {
				"north": {"uv": [2.25, 1.75, 4, 2.75], "rotation": 90, "texture": "#1"},
				"east": {"uv": [2.25, 0, 2.75, 1.75], "rotation": 180, "texture": "#1"},
				"south": {"uv": [0, 1.75, 1.75, 2.75], "rotation": 270, "texture": "#1"},
				"west": {"uv": [2.25, 1.75, 1.75, 0], "texture": "#1"},
				"up": {"uv": [1.75, 1.75, 2.25, 2.75], "rotation": 270, "texture": "#1"},
				"down": {"uv": [4, 1.75, 4.5, 2.75], "rotation": 270, "texture": "#1"}
			}
		},
		{
			"name": "body",
			"from": [4.4, 7.2, 5],
			"to": [4.4, 10.2, 11],
			"rotation": {"angle": -45, "axis": "z", "origin": [9.4, 3.2, 8]},
			"faces": {
				"north": {"uv": [0.5, 3, 3.5, 4], "rotation": 90, "texture": "#1"},
				"east": {"uv": [3.5, 4.5, 0.5, 3], "texture": "#1"},
				"south": {"uv": [0.5, 3, 3.5, 4], "rotation": 270, "texture": "#1"},
				"west": {"uv": [3.5, 4.5, 0.5, 3], "texture": "#1"},
				"up": {"uv": [1.75, 1.75, 2.25, 2.75], "rotation": 270, "texture": "#1"},
				"down": {"uv": [4, 1.75, 4.5, 2.75], "rotation": 270, "texture": "#1"}
			}
		},
		{
			"name": "top",
			"from": [0.4, 3.2, 8],
			"to": [1.4, 10.2, 8],
			"rotation": {"angle": -45, "axis": "z", "origin": [9.4, 3.2, 8]},
			"faces": {
				"north": {"uv": [6.5, 0, 8, 0.25], "rotation": 90, "texture": "#1"},
				"east": {"uv": [2.25, 0, 2.75, 1.75], "rotation": 180, "texture": "#1"},
				"south": {"uv": [8, 0, 6.5, 0.25], "rotation": 270, "texture": "#1"},
				"west": {"uv": [2.25, 1.75, 1.75, 0], "texture": "#1"},
				"up": {"uv": [1.75, 1.75, 2.25, 2.75], "rotation": 270, "texture": "#1"},
				"down": {"uv": [4, 1.75, 4.5, 2.75], "rotation": 270, "texture": "#1"}
			}
		},
		{
			"name": "neck",
			"from": [1.4, 9.2, 7],
			"to": [5.4, 12.2, 9],
			"rotation": {"angle": -45, "axis": "z", "origin": [9.4, 3.2, 8]},
			"faces": {
				"north": {"uv": [4, 0.75, 4.75, 1.75], "rotation": 90, "texture": "#1"},
				"east": {"uv": [4, 0, 4.5, 0.75], "rotation": 180, "texture": "#1"},
				"south": {"uv": [2.75, 0.75, 3.5, 1.75], "rotation": 270, "texture": "#1"},
				"west": {"uv": [4, 0.75, 3.5, 0], "texture": "#1"},
				"up": {"uv": [3.75, 0.75, 4.25, 1.75], "rotation": 270, "texture": "#1"},
				"down": {"uv": [4.75, 0.75, 5.25, 1.75], "rotation": 270, "texture": "#1"}
			}
		}
	],
	"display": {
		"thirdperson_righthand": {
			"rotation": [37, 0, 0],
			"translation": [0, 1.5, 1.75],
			"scale": [0.5, 0.5, 0.5]
		},
		"thirdperson_lefthand": {
			"rotation": [37, 0, 0],
			"translation": [0, 1.5, 1.75],
			"scale": [0.5, 0.5, 0.5]
		},
		"firstperson_righthand": {
			"rotation": [13, 112, -10.5],
			"translation": [13, -3.5, -12.75]
		},
		"firstperson_lefthand": {
			"rotation": [13, 112, -10.5],
			"translation": [13, -3.5, -12.75]
		},
		"gui": {
			"rotation": [22.5, 137, 0],
			"translation": [0, 0.5, 0],
			"scale": [0.9, 0.9, 0.9]
		},
		"head": {
			"translation": [0, 3.399, -0.39]
		},
		"fixed": {
			"rotation": [-6.75, 0, 0]
		}
	},
	"groups": [
		{
			"name": "bucket",
			"origin": [0, 0, 0],
			"children": [0, 1, 2, 3, 4, 5, 6]
		},
		{
			"name": "fish",
			"origin": [0, 0, 0],
			"children": [7, 8, 9, 10, 11]
		}
	]
}