{
	"credit": "Made with Blockbench",
	"textures": {
		"0": "item/bucket",
		"1": "item/pufferfish",
		"particle": "item/bucket"
	},
	"elements": [
		{
			"from": [2, 9, 2],
			"to": [14, 11, 14],
			"faces": {
				"north": {"uv": [4, 6, 10, 7], "texture": "#0"},
				"east": {"uv": [4, 6, 10, 7], "texture": "#0"},
				"south": {"uv": [4, 6, 10, 7], "texture": "#0"},
				"west": {"uv": [4, 6, 10, 7], "texture": "#0"},
				"up": {"uv": [4, 0, 10, 6], "texture": "#0"},
				"down": {"uv": [4, 0, 10, 6], "texture": "#0"}
			}
		},
		{
			"from": [4, 10, 4],
			"to": [12, 10, 12],
			"faces": {
				"north": {"uv": [15.5, 15.5, 16, 16], "texture": "#0"},
				"east": {"uv": [15.5, 15.5, 16, 16], "texture": "#0"},
				"south": {"uv": [15.5, 15.5, 16, 16], "texture": "#missing"},
				"west": {"uv": [15.5, 15.5, 16, 16], "texture": "#0"},
				"up": {"uv": [0, 5, 1.5, 6.5], "texture": "#0"},
				"down": {"uv": [15.5, 15.5, 16, 16], "texture": "#0"}
			}
		},
		{
			"from": [4, 0, 4],
			"to": [12, 1, 12],
			"faces": {
				"north": {"uv": [15.5, 15.5, 16, 16], "texture": "#0"},
				"east": {"uv": [15.5, 15.5, 16, 16], "texture": "#0"},
				"south": {"uv": [15.5, 15.5, 16, 16], "texture": "#0"},
				"west": {"uv": [15.5, 15.5, 16, 16], "texture": "#0"},
				"up": {"uv": [0, 0.5, 4, 4.5], "texture": "#0"},
				"down": {"uv": [5, 8, 9, 12], "texture": "#0"}
			}
		},
		{
			"from": [3, 0, 3],
			"to": [13, 11, 4],
			"rotation": {"angle": 0, "axis": "y", "origin": [8, 5.5, 8]},
			"faces": {
				"north": {"uv": [5, 7, 10, 12], "texture": "#0"},
				"east": {"uv": [15.5, 15.5, 16, 16], "texture": "#0"},
				"south": {"uv": [10, 7, 15, 12], "texture": "#0"},
				"west": {"uv": [15.5, 15.5, 16, 16], "texture": "#0"},
				"up": {"uv": [15.5, 15.5, 16, 16], "texture": "#0"},
				"down": {"uv": [5.5, 7.5, 10.5, 8], "texture": "#0"}
			}
		},
		{
			"from": [3, 0, 3],
			"to": [4, 11, 13],
			"rotation": {"angle": 0, "axis": "y", "origin": [8, 5.5, 8]},
			"faces": {
				"north": {"uv": [15.5, 15.5, 16, 16], "texture": "#0"},
				"east": {"uv": [10, 7, 15, 12], "texture": "#0"},
				"south": {"uv": [15.5, 15.5, 16, 16], "texture": "#0"},
				"west": {"uv": [5, 7, 10, 12], "texture": "#0"},
				"up": {"uv": [15.5, 15.5, 16, 16], "rotation": 270, "texture": "#0"},
				"down": {"uv": [5.5, 7.5, 10.5, 8], "rotation": 90, "texture": "#0"}
			}
		},
		{
			"from": [3, 0, 12],
			"to": [13, 11, 13],
			"rotation": {"angle": 0, "axis": "y", "origin": [8, 5.5, 8]},
			"faces": {
				"north": {"uv": [10, 7, 15, 12], "texture": "#0"},
				"east": {"uv": [15.5, 15.5, 16, 16], "texture": "#0"},
				"south": {"uv": [5, 7, 10, 12], "texture": "#0"},
				"west": {"uv": [15.5, 15.5, 16, 16], "texture": "#0"},
				"up": {"uv": [15.5, 15.5, 16, 16], "rotation": 180, "texture": "#0"},
				"down": {"uv": [5.5, 7.5, 10.5, 8], "rotation": 180, "texture": "#0"}
			}
		},
		{
			"from": [12, 0, 3],
			"to": [13, 11, 13],
			"rotation": {"angle": 0, "axis": "y", "origin": [8, 5.5, 8]},
			"faces": {
				"north": {"uv": [15.5, 15.5, 16, 16], "texture": "#0"},
				"east": {"uv": [5, 7, 10, 12], "texture": "#0"},
				"south": {"uv": [15.5, 15.5, 16, 16], "texture": "#0"},
				"west": {"uv": [10, 7, 15, 12], "texture": "#0"},
				"up": {"uv": [15.5, 15.5, 16, 16], "rotation": 90, "texture": "#0"},
				"down": {"uv": [11, 6.5, 11.5, 11.5], "texture": "#0"}
			}
		},
		{
			"name": "body",
			"from": [4, 8, 4],
			"to": [12, 16, 12],
			"rotation": {"angle": 0, "axis": "y", "origin": [8, 12, 8]},
			"faces": {
				"north": {"uv": [2, 2, 4, 4], "texture": "#1"},
				"east": {"uv": [0, 2, 2, 4], "texture": "#1"},
				"south": {"uv": [6, 2, 8, 4], "texture": "#1"},
				"west": {"uv": [4, 2, 6, 4], "texture": "#1"},
				"up": {"uv": [2, 2, 4, 0], "texture": "#1"},
				"down": {"uv": [4, 0, 6, 2], "texture": "#1"}
			}
		},
		{
			"from": [4, 16, 8],
			"to": [12, 17, 8],
			"faces": {
				"north": {"uv": [3.75, 4.25, 5.75, 4.5], "texture": "#1"},
				"east": {"uv": [0, 0, 0, 1], "texture": "#missing"},
				"south": {"uv": [5.75, 4.25, 3.75, 4.5], "texture": "#1"},
				"west": {"uv": [0, 0, 0, 1], "texture": "#missing"},
				"up": {"uv": [0, 0, 8, 0], "texture": "#missing"},
				"down": {"uv": [0, 0, 8, 0], "texture": "#missing"}
			}
		},
		{
			"from": [4, 16, 4],
			"to": [12, 17, 4],
			"rotation": {"angle": -45, "axis": "x", "origin": [8, 16, 4]},
			"faces": {
				"north": {"uv": [3.75, 4.25, 5.75, 4.5], "texture": "#1"},
				"east": {"uv": [0, 0, 0, 1], "texture": "#missing"},
				"south": {"uv": [5.75, 4.25, 3.75, 4.5], "texture": "#1"},
				"west": {"uv": [0, 0, 0, 1], "texture": "#missing"},
				"up": {"uv": [0, 0, 8, 0], "texture": "#missing"},
				"down": {"uv": [0, 0, 8, 0], "texture": "#missing"}
			}
		},
		{
			"from": [4, 16, 12],
			"to": [12, 17, 12],
			"rotation": {"angle": 45, "axis": "x", "origin": [8, 16, 12]},
			"faces": {
				"north": {"uv": [3.75, 4.25, 5.75, 4.5], "texture": "#1"},
				"east": {"uv": [0, 0, 0, 1], "texture": "#missing"},
				"south": {"uv": [5.75, 4.25, 3.75, 4.5], "texture": "#1"},
				"west": {"uv": [0, 0, 0, 1], "texture": "#missing"},
				"up": {"uv": [0, 0, 8, 0], "texture": "#missing"},
				"down": {"uv": [0, 0, 8, 0], "texture": "#missing"}
			}
		},
		{
			"from": [3, 11, 8],
			"to": [13, 16, 8],
			"faces": {
				"north": {"uv": [1.5, 4.25, 1.25, 5.5], "texture": "#1"},
				"east": {"uv": [0, 0, 0, 1], "texture": "#missing"},
				"south": {"uv": [1.5, 4.25, 1.25, 5.5], "texture": "#1"},
				"west": {"uv": [0, 0, 0, 1], "texture": "#missing"},
				"up": {"uv": [0, 0, 8, 0], "texture": "#missing"},
				"down": {"uv": [0, 0, 8, 0], "texture": "#missing"}
			}
		},
		{
			"from": [12, 11, 4],
			"to": [13, 16, 4],
			"rotation": {"angle": 45, "axis": "y", "origin": [12, 13.5, 4]},
			"faces": {
				"north": {"uv": [1.5, 4.25, 1.25, 5.5], "texture": "#1"},
				"east": {"uv": [0, 0, 0, 1], "texture": "#missing"},
				"south": {"uv": [1.5, 4.25, 1.25, 5.5], "texture": "#1"},
				"west": {"uv": [0, 0, 0, 1], "texture": "#missing"},
				"up": {"uv": [0, 0, 8, 0], "texture": "#missing"},
				"down": {"uv": [0, 0, 8, 0], "texture": "#missing"}
			}
		},
		{
			"from": [3, 11, 4],
			"to": [4, 16, 4],
			"rotation": {"angle": -45, "axis": "y", "origin": [4, 13.5, 4]},
			"faces": {
				"north": {"uv": [1.5, 4.25, 1.25, 5.5], "texture": "#1"},
				"east": {"uv": [0, 0, 0, 1], "texture": "#missing"},
				"south": {"uv": [1.5, 4.25, 1.25, 5.5], "texture": "#1"},
				"west": {"uv": [0, 0, 0, 1], "texture": "#missing"},
				"up": {"uv": [0, 0, 8, 0], "texture": "#missing"},
				"down": {"uv": [0, 0, 8, 0], "texture": "#missing"}
			}
		},
		{
			"name": "fin left",
			"from": [2, 15, 5],
			"to": [4, 15, 7],
			"rotation": {"angle": 0, "axis": "y", "origin": [4, 15, 6]},
			"faces": {
				"north": {"uv": [1.5, 4.25, 1.25, 5.5], "texture": "#1"},
				"east": {"uv": [0, 0, 0, 1], "texture": "#missing"},
				"south": {"uv": [1.5, 4.25, 1.25, 5.5], "texture": "#1"},
				"west": {"uv": [0, 0, 0, 1], "texture": "#missing"},
				"up": {"uv": [6.5, 1.25, 7, 0.75], "texture": "#1"},
				"down": {"uv": [6.5, 1.25, 7, 0.75], "texture": "#1"}
			}
		},
		{
			"name": "fin left",
			"from": [2, 15, 5],
			"to": [4, 15, 7],
			"rotation": {"angle": 22.5, "axis": "z", "origin": [4, 15, 6]},
			"faces": {
				"north": {"uv": [1.5, 4.25, 1.25, 5.5], "texture": "#1"},
				"east": {"uv": [0, 0, 0, 1], "texture": "#missing"},
				"south": {"uv": [1.5, 4.25, 1.25, 5.5], "texture": "#1"},
				"west": {"uv": [0, 0, 0, 1], "texture": "#missing"},
				"up": {"uv": [7.25, 1.25, 7.75, 0.75], "texture": "#1"},
				"down": {"uv": [7.25, 1.25, 7.75, 0.75], "texture": "#1"}
			}
		},
		{
			"name": "fin left",
			"from": [2, 15, 5],
			"to": [4, 15, 7],
			"rotation": {"angle": -22.5, "axis": "z", "origin": [4, 15, 6]},
			"faces": {
				"north": {"uv": [1.5, 4.25, 1.25, 5.5], "texture": "#1"},
				"east": {"uv": [0, 0, 0, 1], "texture": "#missing"},
				"south": {"uv": [1.5, 4.25, 1.25, 5.5], "texture": "#1"},
				"west": {"uv": [0, 0, 0, 1], "texture": "#missing"},
				"up": {"uv": [8.75, 1.25, 9.25, 0.75], "texture": "#1"},
				"down": {"uv": [8.75, 1.25, 9.25, 0.75], "texture": "#1"}
			}
		},
		{
			"name": "fin left",
			"from": [2, 15, 5],
			"to": [4, 15, 7],
			"rotation": {"angle": 45, "axis": "z", "origin": [4, 15, 6]},
			"faces": {
				"north": {"uv": [1.5, 4.25, 1.25, 5.5], "texture": "#1"},
				"east": {"uv": [0, 0, 0, 1], "texture": "#missing"},
				"south": {"uv": [1.5, 4.25, 1.25, 5.5], "texture": "#1"},
				"west": {"uv": [0, 0, 0, 1], "texture": "#missing"},
				"up": {"uv": [8, 1.25, 8.5, 0.75], "texture": "#1"},
				"down": {"uv": [8, 1.25, 8.5, 0.75], "texture": "#1"}
			}
		},
		{
			"name": "fin right",
			"from": [12, 15, 5],
			"to": [14, 15, 7],
			"rotation": {"angle": 0, "axis": "y", "origin": [12, 15, 6]},
			"faces": {
				"north": {"uv": [1.5, 4.25, 1.25, 5.5], "texture": "#1"},
				"east": {"uv": [0, 0, 0, 1], "texture": "#missing"},
				"south": {"uv": [1.5, 4.25, 1.25, 5.5], "texture": "#1"},
				"west": {"uv": [0, 0, 0, 1], "texture": "#missing"},
				"up": {"uv": [7, 0.5, 6.5, 0], "texture": "#1"},
				"down": {"uv": [6.5, 0.5, 7, 0], "texture": "#1"}
			}
		},
		{
			"name": "fin right",
			"from": [12, 15, 5],
			"to": [14, 15, 7],
			"rotation": {"angle": -22.5, "axis": "z", "origin": [12, 15, 6]},
			"faces": {
				"north": {"uv": [1.5, 4.25, 1.25, 5.5], "texture": "#1"},
				"east": {"uv": [0, 0, 0, 1], "texture": "#missing"},
				"south": {"uv": [1.5, 4.25, 1.25, 5.5], "texture": "#1"},
				"west": {"uv": [0, 0, 0, 1], "texture": "#missing"},
				"up": {"uv": [7.75, 0.5, 7.25, 0], "texture": "#1"},
				"down": {"uv": [7.25, 0.5, 7.75, 0], "texture": "#1"}
			}
		},
		{
			"name": "fin right",
			"from": [12, 15, 5],
			"to": [14, 15, 7],
			"rotation": {"angle": -45, "axis": "z", "origin": [12, 15, 6]},
			"faces": {
				"north": {"uv": [1.5, 4.25, 1.25, 5.5], "texture": "#1"},
				"east": {"uv": [0, 0, 0, 1], "texture": "#missing"},
				"south": {"uv": [1.5, 4.25, 1.25, 5.5], "texture": "#1"},
				"west": {"uv": [0, 0, 0, 1], "texture": "#missing"},
				"up": {"uv": [8.5, 0.5, 8, 0], "texture": "#1"},
				"down": {"uv": [8, 0.5, 8.5, 0], "texture": "#1"}
			}
		},
		{
			"name": "fin right",
			"from": [12, 15, 5],
			"to": [14, 15, 7],
			"rotation": {"angle": 22.5, "axis": "z", "origin": [12, 15, 6]},
			"faces": {
				"north": {"uv": [1.5, 4.25, 1.25, 5.5], "texture": "#1"},
				"east": {"uv": [0, 0, 0, 1], "texture": "#missing"},
				"south": {"uv": [1.5, 4.25, 1.25, 5.5], "texture": "#1"},
				"west": {"uv": [0, 0, 0, 1], "texture": "#missing"},
				"up": {"uv": [9.25, 0.5, 8.75, 0], "texture": "#1"},
				"down": {"uv": [9.25, 0.5, 8.75, 0], "texture": "#1"}
			}
		},
		{
			"from": [3, 11, 12],
			"to": [4, 16, 12],
			"rotation": {"angle": 45, "axis": "y", "origin": [4, 13.5, 12]},
			"faces": {
				"north": {"uv": [2.5, 4.25, 2.25, 5.5], "texture": "#1"},
				"east": {"uv": [0, 0, 0, 1], "texture": "#missing"},
				"south": {"uv": [2.5, 4.25, 2.25, 5.5], "texture": "#1"},
				"west": {"uv": [0, 0, 0, 1], "texture": "#missing"},
				"up": {"uv": [0, 0, 8, 0], "texture": "#missing"},
				"down": {"uv": [0, 0, 8, 0], "texture": "#missing"}
			}
		},
		{
			"from": [12, 11, 12],
			"to": [13, 16, 12],
			"rotation": {"angle": -45, "axis": "y", "origin": [12, 13.5, 12]},
			"faces": {
				"north": {"uv": [2.5, 4.25, 2.25, 5.5], "texture": "#1"},
				"east": {"uv": [0, 0, 0, 1], "texture": "#missing"},
				"south": {"uv": [2.5, 4.25, 2.25, 5.5], "texture": "#1"},
				"west": {"uv": [0, 0, 0, 1], "texture": "#missing"},
				"up": {"uv": [0, 0, 8, 0], "texture": "#missing"},
				"down": {"uv": [0, 0, 8, 0], "texture": "#missing"}
			}
		},
		{
			"name": "body",
			"from": [5.5, 8.5, 5.5],
			"to": [10.5, 13.5, 10.5],
			"rotation": {"angle": 0, "axis": "y", "origin": [8, 9.5, 8.5]},
			"faces": {
				"north": {"uv": [4.25, 6.75, 5.5, 8], "texture": "#1"},
				"east": {"uv": [3, 6.75, 4.25, 8], "texture": "#1"},
				"south": {"uv": [6.75, 6.75, 8, 8], "texture": "#1"},
				"west": {"uv": [5.5, 6.75, 6.75, 8], "texture": "#1"},
				"up": {"uv": [4.25, 6.75, 5.5, 5.5], "texture": "#1"},
				"down": {"uv": [4, 0, 6, 2], "texture": "#1"}
			}
		},
		{
			"name": "body",
			"from": [5.5, 13.5, 5.5],
			"to": [10.5, 14.5, 5.5],
			"rotation": {"angle": -45, "axis": "x", "origin": [8, 13.5, 5.5]},
			"faces": {
				"north": {"uv": [4.25, 8.25, 5.5, 8.5], "texture": "#1"},
				"east": {"uv": [3, 6.75, 4.25, 8], "texture": "#1"},
				"south": {"uv": [4.25, 8.25, 5.5, 8.5], "texture": "#1"},
				"west": {"uv": [6, 4.5, 6.25, 4.75], "texture": "#1"},
				"up": {"uv": [4.25, 6.75, 5.5, 5.5], "texture": "#1"},
				"down": {"uv": [4, 0, 6, 2], "texture": "#1"}
			}
		},
		{
			"name": "body",
			"from": [5.5, 13.5, 10.5],
			"to": [10.5, 14.5, 10.5],
			"rotation": {"angle": 45, "axis": "x", "origin": [8, 13.5, 10.5]},
			"faces": {
				"north": {"uv": [4.25, 8.25, 5.5, 8.5], "texture": "#1"},
				"east": {"uv": [3, 6.75, 4.25, 8], "texture": "#1"},
				"south": {"uv": [4.25, 8.25, 5.5, 8.5], "texture": "#1"},
				"west": {"uv": [6, 4.5, 6.25, 4.75], "texture": "#1"},
				"up": {"uv": [4.25, 6.75, 5.5, 5.5], "texture": "#1"},
				"down": {"uv": [4, 0, 6, 2], "texture": "#1"}
			}
		},
		{
			"name": "body",
			"from": [4.5, 8.5, 10.5],
			"to": [5.5, 13.5, 10.5],
			"rotation": {"angle": 45, "axis": "y", "origin": [5.5, 12.5, 10.5]},
			"faces": {
				"north": {"uv": [6, 8, 6.25, 9.25], "texture": "#1"},
				"east": {"uv": [3, 6.75, 4.25, 8], "texture": "#1"},
				"south": {"uv": [6, 8, 6.25, 9.25], "texture": "#1"},
				"west": {"uv": [6, 4.5, 6.25, 4.75], "texture": "#1"},
				"up": {"uv": [4.25, 6.75, 5.5, 5.5], "texture": "#1"},
				"down": {"uv": [4, 0, 6, 2], "texture": "#1"}
			}
		},
		{
			"name": "body",
			"from": [4.5, 8.5, 5.5],
			"to": [5.5, 13.5, 5.5],
			"rotation": {"angle": -45, "axis": "y", "origin": [5.5, 12.5, 5.5]},
			"faces": {
				"north": {"uv": [6, 8, 6.25, 9.25], "texture": "#1"},
				"east": {"uv": [3, 6.75, 4.25, 8], "texture": "#1"},
				"south": {"uv": [6, 8, 6.25, 9.25], "texture": "#1"},
				"west": {"uv": [6, 4.5, 6.25, 4.75], "texture": "#1"},
				"up": {"uv": [4.25, 6.75, 5.5, 5.5], "texture": "#1"},
				"down": {"uv": [4, 0, 6, 2], "texture": "#1"}
			}
		},
		{
			"name": "body",
			"from": [10.5, 8.5, 4.5],
			"to": [10.5, 13.5, 5.5],
			"rotation": {"angle": -45, "axis": "y", "origin": [10.5, 12.5, 5.5]},
			"faces": {
				"north": {"uv": [6, 4.5, 6.25, 4.75], "texture": "#1"},
				"east": {"uv": [6, 8, 6.25, 9.25], "texture": "#1"},
				"south": {"uv": [3, 6.75, 4.25, 8], "texture": "#1"},
				"west": {"uv": [6, 8, 6.25, 9.25], "texture": "#1"},
				"up": {"uv": [4.25, 6.75, 5.5, 5.5], "rotation": 90, "texture": "#1"},
				"down": {"uv": [4, 0, 6, 2], "rotation": 270, "texture": "#1"}
			}
		},
		{
			"name": "body",
			"from": [10.5, 13.5, 6.5],
			"to": [12.5, 13.5, 8.5],
			"rotation": {"angle": 22.5, "axis": "z", "origin": [10.5, 13.5, 7.5]},
			"faces": {
				"north": {"uv": [6, 8, 6.25, 9.25], "texture": "#1"},
				"east": {"uv": [6, 4.5, 6.25, 4.75], "texture": "#1"},
				"south": {"uv": [6, 8, 6.25, 9.25], "texture": "#1"},
				"west": {"uv": [3, 6.75, 4.25, 8], "texture": "#1"},
				"up": {"uv": [7.25, 8, 7.75, 8.5], "rotation": 180, "texture": "#1"},
				"down": {"uv": [7.25, 8, 7.75, 8.5], "rotation": 180, "texture": "#1"}
			}
		},
		{
			"name": "body",
			"from": [3.5, 13.5, 6.5],
			"to": [5.5, 13.5, 8.5],
			"rotation": {"angle": -22.5, "axis": "z", "origin": [5.5, 13.5, 7.5]},
			"faces": {
				"north": {"uv": [6, 8, 6.25, 9.25], "texture": "#1"},
				"east": {"uv": [6, 4.5, 6.25, 4.75], "texture": "#1"},
				"south": {"uv": [6, 8, 6.25, 9.25], "texture": "#1"},
				"west": {"uv": [3, 6.75, 4.25, 8], "texture": "#1"},
				"up": {"uv": [7.25, 8.75, 7.75, 9.25], "rotation": 180, "texture": "#1"},
				"down": {"uv": [7.25, 8.75, 7.75, 9.25], "rotation": 180, "texture": "#1"}
			}
		},
		{
			"name": "body",
			"from": [10.5, 8.5, 10.5],
			"to": [10.5, 13.5, 11.5],
			"rotation": {"angle": 45, "axis": "y", "origin": [10.5, 12.5, 10.5]},
			"faces": {
				"north": {"uv": [3, 6.75, 4.25, 8], "texture": "#1"},
				"east": {"uv": [6, 8, 6.25, 9.25], "texture": "#1"},
				"south": {"uv": [6, 4.5, 6.25, 4.75], "texture": "#1"},
				"west": {"uv": [6, 8, 6.25, 9.25], "texture": "#1"},
				"up": {"uv": [4.25, 6.75, 5.5, 5.5], "rotation": 270, "texture": "#1"},
				"down": {"uv": [4, 0, 6, 2], "rotation": 90, "texture": "#1"}
			}
		},
		{
			"name": "body",
			"from": [6.5, 11.5, 6.5],
			"to": [7.5, 12.5, 7.5],
			"rotation": {"angle": 22.5, "axis": "x", "origin": [8, 11, 6.91667]},
			"faces": {
				"north": {"uv": [6.25, 1.75, 6.5, 2], "texture": "#1"},
				"east": {"uv": [6, 1.75, 6.25, 2], "texture": "#1"},
				"south": {"uv": [6.75, 1.75, 7, 2], "texture": "#1"},
				"west": {"uv": [6.5, 1.75, 6.75, 2], "texture": "#1"},
				"up": {"uv": [6.25, 1.75, 6.5, 1.5], "texture": "#1"},
				"down": {"uv": [1.5, 6.75, 2.25, 7.5], "texture": "#1"}
			}
		},
		{
			"name": "body",
			"from": [6.5, 9.5, 6.5],
			"to": [9.5, 11.5, 9.5],
			"rotation": {"angle": 22.5, "axis": "x", "origin": [8, 11, 6.91667]},
			"faces": {
				"north": {"uv": [0.75, 7.5, 1.5, 8], "texture": "#1"},
				"east": {"uv": [0, 7.5, 0.75, 8], "texture": "#1"},
				"south": {"uv": [2.25, 7.5, 3, 8], "texture": "#1"},
				"west": {"uv": [1.5, 7.5, 2.25, 8], "texture": "#1"},
				"up": {"uv": [0.75, 7.5, 1.5, 6.75], "texture": "#1"},
				"down": {"uv": [1.5, 6.75, 2.25, 7.5], "texture": "#1"}
			}
		},
		{
			"name": "body",
			"from": [6.5, 10.5, 8.5],
			"to": [9.5, 10.5, 12.5],
			"rotation": {"angle": 22.5, "axis": "x", "origin": [8, 11, 6.91667]},
			"faces": {
				"north": {"uv": [0.75, 7.5, 1.5, 8], "texture": "#1"},
				"east": {"uv": [0, 7.5, 0.75, 8], "texture": "#1"},
				"south": {"uv": [2.25, 7.5, 3, 8], "texture": "#1"},
				"west": {"uv": [1.5, 7.5, 2.25, 8], "texture": "#1"},
				"up": {"uv": [0, 1, 0.75, 0], "texture": "#1"},
				"down": {"uv": [0, 0, 0.75, 1], "texture": "#1"}
			}
		},
		{
			"name": "body",
			"from": [5.5, 10.5, 6.5],
			"to": [6.5, 10.5, 8.5],
			"rotation": {"angle": 22.5, "axis": "x", "origin": [8, 11, 6.91667]},
			"faces": {
				"north": {"uv": [0.75, 7.5, 1.5, 8], "texture": "#1"},
				"east": {"uv": [0, 7.5, 0.75, 8], "texture": "#1"},
				"south": {"uv": [2.25, 7.5, 3, 8], "texture": "#1"},
				"west": {"uv": [1.5, 7.5, 2.25, 8], "texture": "#1"},
				"up": {"uv": [0.25, 8.75, 0.5, 8.25], "texture": "#1"},
				"down": {"uv": [0.25, 8.75, 0.5, 8.25], "texture": "#1"}
			}
		},
		{
			"name": "body",
			"from": [9.5, 10.5, 6.5],
			"to": [10.5, 10.5, 8.5],
			"rotation": {"angle": 22.5, "axis": "x", "origin": [8, 11, 6.91667]},
			"faces": {
				"north": {"uv": [0.75, 7.5, 1.5, 8], "texture": "#1"},
				"east": {"uv": [0, 7.5, 0.75, 8], "texture": "#1"},
				"south": {"uv": [2.25, 7.5, 3, 8], "texture": "#1"},
				"west": {"uv": [1.5, 7.5, 2.25, 8], "texture": "#1"},
				"up": {"uv": [0.25, 9.5, 0.5, 9], "texture": "#1"},
				"down": {"uv": [0.25, 9.5, 0.5, 9], "texture": "#1"}
			}
		},
		{
			"name": "body",
			"from": [8.5, 11.5, 6.5],
			"to": [9.5, 12.5, 7.5],
			"rotation": {"angle": 22.5, "axis": "x", "origin": [8, 11, 6.91667]},
			"faces": {
				"north": {"uv": [6.25, 1.75, 6.5, 2], "texture": "#1"},
				"east": {"uv": [6, 1.75, 6.25, 2], "texture": "#1"},
				"south": {"uv": [6.75, 1.75, 7, 2], "texture": "#1"},
				"west": {"uv": [6.5, 1.75, 6.75, 2], "texture": "#1"},
				"up": {"uv": [6.25, 1.75, 6.5, 1.5], "texture": "#1"},
				"down": {"uv": [1.5, 6.75, 2.25, 7.5], "texture": "#1"}
			}
		},
		{
			"name": "body",
			"from": [6.5, 10.5, 6.5],
			"to": [7.5, 11.5, 7.5],
			"rotation": {"angle": 22.5, "axis": "x", "origin": [8, 11, 6.91667]},
			"faces": {
				"north": {"uv": [7.25, 1.75, 7.5, 2], "texture": "#1"},
				"east": {"uv": [7, 1.75, 7.25, 2], "texture": "#1"},
				"south": {"uv": [7.75, 1.75, 8, 2], "texture": "#1"},
				"west": {"uv": [7.5, 1.75, 7.75, 2], "texture": "#1"},
				"up": {"uv": [7.25, 1.75, 7.5, 1.5], "texture": "#1"},
				"down": {"uv": [1.5, 6.75, 2.25, 7.5], "texture": "#1"}
			}
		},
		{
			"name": "body",
			"from": [8.5, 10.5, 6.5],
			"to": [9.5, 11.5, 7.5],
			"rotation": {"angle": 22.5, "axis": "x", "origin": [8, 11, 6.91667]},
			"faces": {
				"north": {"uv": [7.25, 1.75, 7.5, 2], "texture": "#1"},
				"east": {"uv": [7, 1.75, 7.25, 2], "texture": "#1"},
				"south": {"uv": [7.75, 1.75, 8, 2], "texture": "#1"},
				"west": {"uv": [7.5, 1.75, 7.75, 2], "texture": "#1"},
				"up": {"uv": [7.25, 1.75, 7.5, 1.5], "texture": "#1"},
				"down": {"uv": [1.5, 6.75, 2.25, 7.5], "texture": "#1"}
			}
		},
		{
			"name": "body",
			"from": [6.5, 8.5, 6.5],
			"to": [9.5, 10.5, 9.5],
			"rotation": {"angle": 22.5, "axis": "x", "origin": [8, 11, 6.91667]},
			"faces": {
				"north": {"uv": [1.5, 9, 2.25, 9.5], "texture": "#1"},
				"east": {"uv": [0.75, 9, 1.5, 9.5], "texture": "#1"},
				"south": {"uv": [3, 9, 3.75, 9.5], "texture": "#1"},
				"west": {"uv": [2.25, 9, 3, 9.5], "texture": "#1"},
				"up": {"uv": [1.5, 9, 2.25, 8.25], "texture": "#1"},
				"down": {"uv": [2.25, 8.25, 3, 9], "texture": "#1"}
			}
		},
		{
			"name": "body",
			"from": [6.5, 9.5, 8.5],
			"to": [9.5, 9.5, 12.5],
			"rotation": {"angle": 22.5, "axis": "x", "origin": [8, 11, 6.91667]},
			"faces": {
				"north": {"uv": [0.75, 7.5, 1.5, 8], "texture": "#1"},
				"east": {"uv": [0, 7.5, 0.75, 8], "texture": "#1"},
				"south": {"uv": [2.25, 7.5, 3, 8], "texture": "#1"},
				"west": {"uv": [1.5, 7.5, 2.25, 8], "texture": "#1"},
				"up": {"uv": [1.5, 10.75, 2.25, 9.75], "texture": "#1"},
				"down": {"uv": [1.5, 9.75, 2.25, 10.75], "texture": "#1"}
			}
		},
		{
			"name": "body",
			"from": [5.5, 9.5, 6.5],
			"to": [6.5, 9.5, 8.5],
			"rotation": {"angle": 22.5, "axis": "x", "origin": [8, 11, 6.91667]},
			"faces": {
				"north": {"uv": [0.75, 7.5, 1.5, 8], "texture": "#1"},
				"east": {"uv": [0, 7.5, 0.75, 8], "texture": "#1"},
				"south": {"uv": [2.25, 7.5, 3, 8], "texture": "#1"},
				"west": {"uv": [1.5, 7.5, 2.25, 8], "texture": "#1"},
				"up": {"uv": [1, 10.25, 1.25, 9.75], "texture": "#1"},
				"down": {"uv": [1, 10.25, 1.25, 9.75], "texture": "#1"}
			}
		},
		{
			"name": "body",
			"from": [9.5, 9.5, 6.5],
			"to": [10.5, 9.5, 8.5],
			"rotation": {"angle": 22.5, "axis": "x", "origin": [8, 11, 6.91667]},
			"faces": {
				"north": {"uv": [0.75, 7.5, 1.5, 8], "texture": "#1"},
				"east": {"uv": [0, 7.5, 0.75, 8], "texture": "#1"},
				"south": {"uv": [2.25, 7.5, 3, 8], "texture": "#1"},
				"west": {"uv": [1.5, 7.5, 2.25, 8], "texture": "#1"},
				"up": {"uv": [1, 11, 1.25, 10.5], "texture": "#1"},
				"down": {"uv": [1, 11, 1.25, 10.5], "texture": "#1"}
			}
		}
	],
	"display": {
		"thirdperson_righthand": {
			"rotation": [37, 0, 0],
			"translation": [0, 1.5, 1.75],
			"scale": [0.5, 0.5, 0.5]
		},
		"thirdperson_lefthand": {
			"rotation": [37, 0, 0],
			"translation": [0, 1.5, 1.75],
			"scale": [0.5, 0.5, 0.5]
		},
		"firstperson_righthand": {
			"rotation": [13, 112, -10.5],
			"translation": [13, -3.5, -12.75]
		},
		"firstperson_lefthand": {
			"rotation": [13, 112, -10.5],
			"translation": [13, -3.5, -12.75]
		},
		"gui": {
			"rotation": [22.5, 137, 0],
			"translation": [0, 1.75, 0],
			"scale": [0.9, 0.9, 0.9]
		},
		"head": {
			"translation": [0, 3.399, -0.39]
		},
		"fixed": {
			"rotation": [-6.75, 0, 0]
		}
	},
	"groups": [
		{
			"name": "bucket",
			"origin": [0, 0, 0],
			"children": [0, 1, 2, 3, 4, 5, 6]
		},
		{
			"name": "fish",
			"origin": [8, 12, 8],
			"children": [7, 8, 9, 10, 11, 12, 13, 14, 15, 16, 17, 18, 19, 20, 21, 22, 23]
		},
		{
			"name": "fishmed",
			"origin": [8, 9.5, 8.5],
			"children": [24, 25, 26, 27, 28, 29, 30, 31, 32]
		},
		{
			"name": "fishsmall",
			"origin": [8, 8, 8],
			"children": [33, 34, 35, 36, 37, 38]
		},
		{
			"name": "fishsmall",
			"origin": [8, 8, 8],
			"children": [39, 40, 41, 42, 43, 44]
		}
	]
}