{
	"credit": "Made with Blockbench",
	"texture_size": [64, 64],
	"textures": {
		"1": "block/pointed_dripstone2"
	},
	"elements": [
		{
			"from": [5, 11, 5],
			"to": [11, 15, 11],
			"rotation": {"angle": 0, "axis": "x", "origin": [8, 8, 8]},
			"faces": {
				"north": {"uv": [9.25, 2.75, 10.75, 3.75], "rotation": 180, "texture": "#1"},
				"east": {"uv": [9.25, 2.75, 10.75, 3.75], "rotation": 180, "texture": "#1"},
				"south": {"uv": [9.25, 2.75, 10.75, 3.75], "rotation": 180, "texture": "#1"},
				"west": {"uv": [9.25, 2.75, 10.75, 3.75], "rotation": 180, "texture": "#1"},
				"up": {"uv": [1.25, 1.25, 2.75, 2.75], "texture": "#1"},
				"down": {"uv": [1.25, 1.25, 2.75, 2.75], "texture": "#1"}
			}
		},
		{
			"from": [6, 8, 6],
			"to": [10, 11, 10],
			"rotation": {"angle": 0, "axis": "x", "origin": [8, 8, 8]},
			"faces": {
				"north": {"uv": [9.5, 2, 10.5, 2.75], "rotation": 180, "texture": "#1"},
				"east": {"uv": [9.5, 2, 10.5, 2.75], "rotation": 180, "texture": "#1"},
				"south": {"uv": [9.5, 2, 10.5, 2.75], "rotation": 180, "texture": "#1"},
				"west": {"uv": [9.5, 2, 10.5, 2.75], "rotation": 180, "texture": "#1"},
				"up": {"uv": [1.5, 1.5, 2.5, 2.5], "texture": "#1"},
				"down": {"uv": [1.5, 1.5, 2.5, 2.5], "texture": "#1"}
			}
		},
		{
			"from": [7, 5, 7],
			"to": [9, 8, 9],
			"rotation": {"angle": 0, "axis": "x", "origin": [8, 8, 8]},
			"faces": {
				"north": {"uv": [9.75, 1.25, 10.25, 2], "rotation": 180, "texture": "#1"},
				"east": {"uv": [9.75, 1.25, 10.25, 2], "rotation": 180, "texture": "#1"},
				"south": {"uv": [9.75, 1.25, 10.25, 2], "rotation": 180, "texture": "#1"},
				"west": {"uv": [9.75, 1.25, 10.25, 2], "rotation": 180, "texture": "#1"},
				"up": {"uv": [1.75, 1.75, 2.25, 2.25], "texture": "#1"},
				"down": {"uv": [1.75, 1.75, 2.25, 2.25], "texture": "#1"}
			}
		},
		{
			"from": [4, 15, 4],
			"to": [12, 16, 12],
			"rotation": {"angle": 0, "axis": "x", "origin": [8, 8, 8]},
			"faces": {
				"north": {"uv": [9, 3.75, 11, 4], "rotation": 180, "texture": "#1"},
				"east": {"uv": [9, 3.75, 11, 4], "rotation": 180, "texture": "#1"},
				"south": {"uv": [9, 3.75, 11, 4], "rotation": 180, "texture": "#1"},
				"west": {"uv": [9, 3.75, 11, 4], "rotation": 180, "texture": "#1"},
				"up": {"uv": [9.75, 12.5, 11.75, 14.5], "texture": "#1"},
				"down": {"uv": [1, 1, 3, 3], "texture": "#1"}
			}
		}
	],
	"gui_light": "front",
	"display": {
		"thirdperson_righthand": {
			"rotation": [75, 45, 0],
			"translation": [0, 1, -2],
			"scale": [0.375, 0.375, 0.375]
		},
		"thirdperson_lefthand": {
			"rotation": [75, 45, 0],
			"translation": [0, 1, -2],
			"scale": [0.375, 0.375, 0.375]
		},
		"firstperson_righthand": {
			"rotation": [0, 45, 0],
			"scale": [0.4, 0.4, 0.4]
		},
		"firstperson_lefthand": {
			"rotation": [0, 225, 0],
			"scale": [0.4, 0.4, 0.4]
		},
		"ground": {
			"translation": [0, 3, 0],
			"scale": [0.5, 0.5, 0.5]
		},
		"gui": {
			"rotation": [30, 225, 0],
			"translation": [0, -2.25, 0],
			"scale": [0.625, 0.625, 0.625]
		},
		"head": {
			"rotation": [180, 0, 0],
			"translation": [0, 14.25, 0]
		},
		"fixed": {
			"translation": [0, -3, 0]
		}
	}
}